path,bytes,sha256
.gitattributes,114,d34939cac0ff8aa5d7bba01270532cf6945d4397fda31e926ce65a0446ff0db5
.github/workflows/validate.yml,271,dda631fa20032e512cb681f6efc94d49d8d88e48a9132d3ac8209eb97c2bb7c4
.gitignore,86,3de1053b46628c6a09a3aff9c6b822d5f1f1e443c1152db11984e63706debca8
CITATION.cff,503,ae54a818bc35929f0136b7dd384598b2d8fa6f3280b78528ad27f6e2569f2c95
DATA_LICENSE.md,794,bde8bffad6a901a9b48124a902492d70f972ec1dddefa3c81e35cad3304c1a7e
LICENSE,1080,0bdea2a07d4509bd5a8622dfcb18ef5c5b6eb8894cc49756c949c088772095f1
Makefile,169,c075684a0f699a2bda0d1e6c55b5fbec0faa39711de1dab47a5113d068ea120e
README.md,3895,722e4fa8170c85200857aabdf1d21566b185dbba513ff386d7bcd7c0b2fe4684
Source_Data/README.md,8711,c3ec33040a2e042e4fdb1d53af956523ba7bd1f32fd55d11ad4a197887b21df6
Source_Data/Source_Data.xlsx,1366847,471dbdeeeb19533410fd56893b5b8e52251a4cb68533a316f377bb587c3c0036
Source_Data/Source_Data_CSV.zip,1058101,c9de32c0a859b8731a17a8999d0025448f8813c4c119ffbdb4b7dcf3b5cb9c2b
Source_Data/Supplementary_Tables.xlsx,77833,1071a5ddd84e7228f3925cdf3b8d0423f182d6046d71d2337f777fa3cd16bdb0
Source_Data/Supplementary_Tables_CSV.zip,37774,55d33c8e117bae4aac4f2c397b15bca3beeef91c1e7faf6280ca1c2206f8bddf
Source_Data/checksums.sha256,7515,5f0fbe01492588f3c60d5ebaaee9a1447728294371a7ae67feb8eabcc418979d
Source_Data/csv/Fig_1.csv,24693,0bc71a562536015641056e5f26e59798f71d6e40b5feb666f1804c16be00fd59
Source_Data/csv/Fig_2.csv,9035,85ab39e846003d8677c2194cd26cec12f3e7b53ea7deda7dfd1a22a4b04c8219
Source_Data/csv/Fig_2a.csv,4635,522eed514a84d5b5e9a9657ce45c695bd5a1c98b3e4996f43daa67baa1d24d38
Source_Data/csv/Fig_2b.csv,1623,2b41ac30935619f776640209dbe36f638ffcd9edbcb26427e305ee21a342e262
Source_Data/csv/Fig_3.csv,34644,19f7400c7588fc120e3654de2fe7e822d865ac56a4ff67527c0070ced6369150
Source_Data/csv/Fig_3a.csv,5844,bc37566353ce838a3f340d8bbd53e053a131f81ebf25ee2166f253698c5299d5
Source_Data/csv/Fig_3b.csv,11964,fd87d4a902f46dd008ccdda93d5ed23d7fe19408217ad4af39275908c4ab602c
Source_Data/csv/Fig_3c.csv,1894,ce147b731f696b012ab8039ef2a0b248b6442d7752b7f682eaeb02418d7c7a0c
Source_Data/csv/Fig_3d.csv,5369,ef1a99bc1ce9b8600c7f7e5726bbe39fdab9074b797fa8d7eab1f8037290eb5b
Source_Data/csv/Fig_4.csv,5188,f7a4cbacbfa9dd1476206541c588c5c7591f9dd110cd0017ef9d0b7a53d423e9
Source_Data/csv/Fig_4a.csv,1704,3bb453e2a5768ef48315bdd89d01e6e7bff5353cb51cf69267e5f92672000770
Source_Data/csv/Fig_4b.csv,1517,096ff76f02a92e5f4cfc4268aa3f0f492d6878fd24332b970207d363b7c0648a
Source_Data/csv/Fig_4c.csv,1002,f614ce78fbd8733a3761670a93dea5af40cdc6f80f9a78ebbf7c4d8d66ec40c3
Source_Data/csv/Fig_5.csv,6742,eedd2a695dfb39806fe572bd8d14d2293ec07ffff49e926322c22ef85385e0af
Source_Data/csv/Fig_5a.csv,759,80cfa285b8172d70edc185e7f73c606e12f3df03bb041be615dd8795e1812fea
Source_Data/csv/Fig_5b.csv,1896,5f12f43a096ebbd7581a0d24d18dc2d9a323a1c193043c6e629849618d6ce288
Source_Data/csv/Fig_5c.csv,2019,c6f873a29e10be60649a7b3444d5ee9f21fefd9abd7423640184e38c84a0a40b
Source_Data/csv/Fig_5d.csv,741,af342fd03e0cb8759603e731685769e1baa828b1974632a370f3fec0851ec710
Source_Data/csv/Fig_6.csv,62799,19251d987e8cdc4e46aaa11cc14756342adec06fdc471ff494da028feab515a1
Source_Data/csv/Fig_6_uncertainty_summary.csv,3798,b4b16e92e8e33f336851ad45978c88d890d4d554353696df9631058f7a64af3c
Source_Data/csv/Fig_6a.csv,767,aaed446d6de43fdb046f6f288348454e79b7712631d04191f71e2263f81230f7
Source_Data/csv/Fig_6b.csv,51921,abbad14b9df237d6e256465b2949f99f253b987ad69d449d0c7070c1dd16647d
Source_Data/csv/Fig_6c.csv,3890,ddf312c90d804c7d88086105506bbe82db9f5773088ea341d1df62cf32ec3227
Source_Data/csv/Fig_S_detroit_windsor.csv,130335,abc76319ed4adfc3ecdad8da9b9b9063e55c6b7d23d906817e960e0b3d97233c
Source_Data/csv/Fig_S_detroit_windsor_a.csv,107637,2904414de521d21796caa2dbad95f3a5df8eb28db40de6d60bc58fd1fac9605c
Source_Data/csv/Fig_S_detroit_windsor_b.csv,2203,84e93ceb7a12bfd61950e8c74d035828f5531463983a985c3d70bbd01ad839d4
Source_Data/csv/Fig_S_detroit_windsor_c.csv,642,768aa6da769a76b6f01e8c4881ddba643ba71ce67df55246fd6e2848419f2eb5
Source_Data/csv/Fig_S_economic_uncertainty.csv,3798,b4b16e92e8e33f336851ad45978c88d890d4d554353696df9631058f7a64af3c
Source_Data/csv/Fig_S_grid_atlas.csv,2094698,f7fe4edfe3bfa1d69ca5b41e5374c8abc1891577b710f5d49574a9ea8f59cfcb
Source_Data/csv/Fig_S_grid_sensitivity_city.csv,30553,18a8561137baad0289e39a75d60f6ef75c4b696075b6d02550b2d04450fbc8c3
Source_Data/csv/Fig_S_grid_sensitivity_pair.csv,13444,09d0e884ae6e3840b632cace509b906a68aadfaa78fda7936bec096a81492325
Source_Data/csv/Fig_S_grid_sensitivity_scenarios.csv,1028,545ac3ed0574890b6febb8123685a7eb7f3dd939fe053bd56366831993c7dc20
Source_Data/csv/Fig_S_large_roof.csv,6498,591749dd3b78e709efb889c5560dc78738929dde26b3231b410fa9e5f6675d29
Source_Data/csv/Fig_S_large_roof_original_metrics.csv,2666,97e794f5c95624779da0ce346ae8965953c571bb3aea11eb1992235f8487d972
Source_Data/csv/Fig_S_policy.csv,28844,9806a8223687d82daeefa35026631a5ede230e833cb0a39376d336aa6e4c4299
Source_Data/csv/Fig_S_policy_a.csv,4878,6f6fdc3ce2f9a0e0ff2df1cd2b68ba3ebd9a9ab8cac727fa28619d2720f3f387
Source_Data/csv/Fig_S_policy_a_pair_summary.csv,326,15dacd92a7b0eae6e76740510554c97a76ca57a1a67ed1afb0aa547d18bf012e
Source_Data/csv/Fig_S_policy_b.csv,15349,b22119d784e358304af5fcf3b1f240b53f635607b63d0a3e50b00b45c030e14f
Source_Data/csv/Fig_S_policy_b_factor_summary.csv,564,5676deb09fa6103444f5998a058d6c43a9a8d7befc17818b166c0f629119d6a3
Source_Data/csv/Table_S_boundaries.csv,6257,87d651cb8b400afa622b67f1c03c42a186fcf25c8fe45a483f44c6dd7e842e3c
Source_Data/csv/Table_S_evidence_boundaries.csv,2777,21c6c6d097bd7a6f747fa35dc5511df1140d39afd9cd210bb8e0c5bafd79c7a3
Source_Data/csv/Table_S_solar_resource_14cities.csv,3264,698908cfef0fff51a182dbca8ef784f6af6e079eae1ee7bfe3a196670575e18d
Source_Data/csv/Table_S_solar_resource_pair_matching.csv,1254,f7f3b31e693128eb5930fdaf542e0e569f3d9b42bb751b3ac7f81d16339dad18
Source_Data/data_dictionary.csv,120506,aa07fe7ee0f33925b014ab4bc1fb0eb96028586b6bf55707b2ae886dba27e1c8
Source_Data/figure_notes/Fig_1_notes.md,2538,428fd12ee9c7bd22936ce0b9344f6b9f0b958d4d69c3269412c58925be16377f
Source_Data/figure_notes/Fig_2_notes.md,3855,cdaf8a8da014e378ea71f19c1fd1bae20673af0e8bff665a1fa1c20e95aa6825
Source_Data/figure_notes/Fig_3_notes.md,2228,6d881339507bc659fbc873cc7c053cafed0d0cdc65750495096be853907cfa7d
Source_Data/figure_notes/Fig_4_notes.md,1475,2b874967818b9b64ccdcbe94f625a5c6cd040c7bf204496aa114a83c2cf67fba
Source_Data/figure_notes/Fig_5_notes.md,1128,0e9390435c2b4bb26965fd2d707583b186faaae24de49f649c982a12861bb164
Source_Data/figure_notes/Fig_6_notes.md,1478,6000010104b2986ae6723c9a0be1f77bb8a38f118167f745f81656c713151b93
Source_Data/figure_notes/Fig_S_detroit_windsor_notes.md,1668,bcb93a50dd0eab3f4be558909c42098c99bbd96f8d882d5c4379741ef6a2536e
Source_Data/figure_notes/Fig_S_economic_uncertainty_notes.md,473,bfb227f12778baafef5e51b1982290089dbaa76474b8840fc7dadecc311ecf7c
Source_Data/figure_notes/Fig_S_grid_spatial_notes.md,2818,ddccd299f3647ac677b7cb4c8968fb6bb5be3dac48349f87a017b9ac6c19931c
Source_Data/figure_notes/Fig_S_large_roof_notes.md,1367,dd23dbb7274bef9a2082162495ccaf95f382ddf2ebc04f194bb3a106eec2bbba
Source_Data/figure_notes/Fig_S_policy_notes.md,3058,3a18ca555d6236be6dbd7e798cf5e10407db487da44d1b3847a8a4ecfe6d80ed
Source_Data/figure_notes/Table_S_boundaries_notes.md,1599,42ad12123f2c6ffd27595f3b59db54ab32bcc2f345aa90209e8af07c2d18333c
Source_Data/figure_notes/Table_S_solar_resource_notes.md,1342,1ef0f9b88659aa4b6196dcb05dc06cc483bce92dfcb7405f486585dfdb078d47
Source_Data/source_data_checks_boundaries.json,833,430a28cec8a1a89e3e609764080b5388efa4b497bb1930d907c8a3933bd288b1
Source_Data/source_data_checks_fig1.json,568,110fa17862aec20642d73b808b53dd4db9c277c29747e67a27baf5e27b0f872c
Source_Data/source_data_checks_fig2.json,993,a6491b69245504219d73363c9e95a5f3b8dce0c1a2569b9a8409f5ab682673ae
Source_Data/source_data_checks_fig3.json,5574,8962e47cf435fb871d2bd6110dbc717fcf4aad39255ded0439fc5bfa905e83bd
Source_Data/source_data_checks_fig4.json,498,689677cec7f341867dd41b6bebe2d6fb445458b152fec4e5b23bc1d7935aac7e
Source_Data/source_data_checks_fig5.json,637,30aa0badd1f3de0198cb3ea76a9845cdac5151040029140f984c16224d8ba824
Source_Data/source_data_checks_fig6.json,2051,e3896f32cc2f858e69736f7fc9faa5ef99b03b37dafa36f39644bceb99aad32c
Source_Data/source_data_checks_fig_s_detroit_windsor.json,622,37b4ac734548afa477394826de3557a1dd6f1a7c6e4779244a960a17fd9324dd
Source_Data/source_data_checks_fig_s_economic_uncertainty.json,160,3ece209e8c361378ffb77237abd8fef22893cd260d285ac6b3f23587efe438e2
Source_Data/source_data_checks_fig_s_large_roof.json,340,26dec631797116bdd020418f5007f5438220c1fb6c67527ac9cce68ca7a209fe
Source_Data/source_data_checks_fig_s_policy.json,1001,72a82db99d81251f7c1deb53f373f0aa16c3be469bcd77ecc8780162cb4092d7
Source_Data/source_data_checks_solar_resource.json,1443,e798c69de9028ca90ae0168a9fe25aea2c3efa637224890509e53b0414a53a69
Source_Data/source_data_checks_spatial_supplement.json,1216,36aa47fb3de15fd7230734e608392600187d70629986c51fe3e7d128873a2e87
Source_Data/source_data_inventory.csv,7963,d61d0e0eb979e446f55ba95ba85d8609ce131d56929415e6be3bc883583d47ae
Source_Data/source_data_manifest.csv,5920,f11a159dd7676cb8193fb649f50b07d14b768c0b1c5510a0ee99bd98e8991c5e
Source_Data/spatial/Fig_S_detroit_windsor_grid_cells.geojson,465225,164c751bfe5a1a2293c7315401e76438335058bf5bf6b0116b233ce581fa6c56
Source_Data/spatial/Fig_S_grid_atlas_cells.geojson,2799243,05777933a21315e8186e058bedd329e322ce9f360c630a884724378896acfe45
Source_Data/supplementary_table_manifest.csv,2755,55bef8611dd40b5eda78165520a457b9a3f6ee9af7b349d5b14afd5b055759cf
code/model/benchmark_checkpoints_border.py,9340,f0389c4acb82025139f1ef01ebca0b2515264d825f1da91618cf101c40002f0b
code/model/dataloader/__init__.py,307,2519666f37178f43ec56fb702fde34f767d4ecfc069b4861eb4af1410effdebb
code/model/dataloader/augmentation.py,3768,75cccad75ad17098a399f3b77f4dac415c29fefefdde73fe07672fae059b1baa
code/model/dataloader/dataloader.py,10870,f831ad36453f3d5fd1ae969ca4e66ceadec9ad2125c962a78bf52a48da65fb9e
code/model/dataloader/segmenter.py,10863,d40ebc057e61127792295607beebe7a57fc9500f5d40e324e144102e965c0904
code/model/dataloader/utils.py,8396,f91e29c09e74b9361ee5f64b3c3339a91bc513d8d45979f0dafaf4e6f7739870
code/model/models/__init__.py,1,01ba4719c80b6fe911b091a7c05124b64eeece964e09c058ef8f9805daca546b
code/model/models/base.py,741,136b1a71c67d94007e93aafd9dbe93d4f6d82b994b4ecdc8d4bcc8726b4a8066
code/model/models/daformer.py,12077,6bc040962684d95bf6cf575c808bd7d3739be6607e4ef3366438a514e2b8be60
code/model/models/huggingface_wrap.py,1230,6185a993443d6a76e9a1573e4055dd08268d1c266c6d4dcdd02a9962a27c5af0
code/model/models/resnet34_Unet_segmenter.py,3588,cb13de0b5a616d733ac38291089363045550cc28f0eece198be8deae33521120
code/model/models/resnet34_classifier.py,669,d1cb8a859a3e8addb46a96ff2a48375ca7b458d81c10339511a5d4207b16c265
code/model/train_border_supervised.py,15159,de846c6bdf1db4d8b6af1c7bbd13863ff6e8fc2586062009cd7713fe7abeedd7
code/original/econimic_model.py,20782,e3f5e953a7a4beeb92efd1ae12dd2509b490ba67f1dbe511af81e1a01b7ae47a
code/original/plot_blended_lcoe_citypair_dumbbell_with_rates.py,11586,64e25b046790bf42463331eb7d2a656a39276b9413db9dc172c479976733ec43
code/original/plot_border_city_pv_friction_heatmap.py,15164,e4e60157e874c26d3b2bbd16764ac79d9c26b7438909a6734a786dd52f4075c6
code/original/plot_capex_vs_profitability_citypair_scatter.py,13131,a11a2775de8a7e87e991a1d6b0a48fffa9685268215466013fd6c3fb8eabdd2a
code/original/plot_discounted_cashflow_profiles_citypair_lines.py,11918,f472fe30a152b7deda0317c031d833218b26a0d5a6e9ea761ad323cca1a4acb6
code/original/plot_fig4_uncertainty_supplement.py,20211,f434dfc0a2b91221f5695a5dbfad2bf2b8d2e6a8e2cebeee94fa9befb555ae57
code/original/plot_fig6a_roofsize_utilization_share.py,13862,7e8f2ed4a5e13be21b906005cf566ab3a757b58c268d17245f76b8ec0eeeac7f
code/original/plot_fig6b_large_roof_leverage.py,16624,e06ef108056d333b2abdff953e6ea6266b1aefa716132fb5cbad401dd900d6ec
code/original/plot_fig_panel_b_weighted_alignment_matrix.py,20620,2f4f450d1a0d1df7a4c00aed61880d1f55510c696052b4cc6f95ae0a2a18267b
code/original/plot_fig_policy_alignment_panel_b.py,14179,b85125040302f94c0f60d268df4f8cad96f6037962e29ac4d6eaf7b32f48ef04
code/original/plot_figure_5_reconstructed.py,31380,0f56434dfb7bee2b5e8a48db49d9fa1a5d2d17ec74648cf7ae3c48ec43833214
code/revision/build_fig1_source_data.py,8796,01a4be5b8e70cb768c413e328f55615aec297c1740e46d57f7ab70f375d22d74
code/revision/plot_fig1c_building_anatomy_schematic.py,8679,1bbe9869e1af05cbbbe40d2a42bd81bfac7ab7676b98c0c8c030605d28e092bc
code/revision/plot_fig1d_overlapping_attributes_schematic.py,7150,7e991c5801132ca8b3b4b3e3fe1c35369bb489a1f51df17fef3c351e7e6802f5
code/revision/plot_fig2_primary6_combined.py,12287,c18f7905b4b9c83fb4129f12804d31dbc0c22b152196295d30f65fa2fa5509a5
code/revision/plot_fig2a_primary6_utilization_dumbbell.py,9498,e2fc60ccd45b424f1b451896fee1bfab76df167b9079b66cffb478e0b474e56c
code/revision/plot_fig2b_primary6_overlapping_attributes.py,8568,7435801455d593ed7f7d6ec080dbe1ba708fe8a223c9d769b596b29237d70d31
code/revision/plot_fig3_primary6_combined.py,54160,d95d87a8ba703e83a18a72870fe4fa1bc40301b58b2691c589f62caa1bd6497e
code/revision/plot_fig3a_primary12_city_anatomy.py,6728,7b86ab24deaaefe890af283d13f1c794a5c49b0c8f909ec9babab3059a5bcda2
code/revision/plot_fig3b_primary6_exact_decomposition.py,6705,5f8593ea1272f874a5f60eed2d71a4468b1081cc69ce15c92c526a7c78ec45b4
code/revision/plot_fig4_primary12_grid_heterogeneity.py,28888,615d06d4427d30df7caee301068f4407569093e95049ffa2e267a9ad2a7a6122
code/revision/plot_fig5_primary6_contextual_diagnostics.py,26334,79ff99bd3286fbf3dc10b42627e4168e3f98ce6d7e52576c844e1ebc13cfbc01
code/revision/plot_fig6_standardized_economics.py,13803,dbde7c8ea74bdb29a9c91df43090131c6b43b654d64b919eb821951554c834f8
code/revision/plot_supp_detroit_windsor.py,15679,7e65cb36ee809f5e5150f43b92304b4ee6dcdb36d8470dbdf6abfb2c5cf3d89e
code/revision/plot_supp_large_roof_sensitivity.py,8324,058e597e4d5a414bf45d9c77a4ec1a1e40448e5ea916fd50f287870b5475b45f
code/revision/plot_supp_policy_documented_components.py,12592,1c054a30841d44d1af6a64ff8d132d4b8f61e5f4d2c9075b7bf0add1b304b93d
data/boundary/detroit.geojson,49539,2d790fdc640b4c9feffffebf842eab25eb2a2d5ebfbad498beeb974e4395ca06
data/boundary/windsor.geojson,17396,4c141b7bc8813c6349870cfed030bc61d3feff99590373eab2972288a18fcda4
docs/external_files.md,1590,894949e6c435085aa823b3409dc095a8e3dc76fa32369c7dd88ea492e17a9875
docs/figure_data_map.md,3467,6b1f57ac19657eabdda77147cd6de42307d0f4d5ac91f2fe2a447b36c8b23a81
docs/reproducibility.md,1171,2db00f1b9f8df8d99f6118a9c766ebd05faf78975a1cb0af2a469ec848498afc
environment.yml,203,8185424071253bff0690124a966c34d33eff8017b56f54d8b858936e549dd3e9
evidence/v1_verified_data/boundary_audit_14cities.csv,10620,69720294d8abcf3e5e10dbc169ee3cdfebd8f3d1205448b077851250a44d4bf9
evidence/v1_verified_data/building_class_14cities.csv,10763,e28e5900f91fec3b2e8e540cfc168d5ebc0479bc96148eb091bb9be13720bf08
evidence/v1_verified_data/city_image_coverage_14cities.csv,860,7e5ef96758fa6ddc276363b25b087aa566c6b6beb7c7d74ee79d55e2110188dc
evidence/v1_verified_data/city_pv_metrics_14cities.csv,5016,08cc7f9c91e6c4a14988fc50df05130bafa31090d8e21013c51be230355e9fe1
evidence/v1_verified_data/detroit_windsor_irr_sensitivity.csv,884,f5b20b61766e6e22971cd8b714b054c194aeffba272803915c7e6596efbf84a3
evidence/v1_verified_data/discounted_cashflow_profiles_city_year.csv,23044,32f72976567ade7660879156821d02b15ffac70d30a2996f3685f8499c306272
evidence/v1_verified_data/economic_model_input_source_table.csv,41772,173f76a78cc1a469b37143ca1382c48f839a8ec273027cd6d756b633aacf4f0a
evidence/v1_verified_data/economic_results_14cities.csv,3140,3f49455fe497a41a123a8f6598765a0ba53e6bcb292e5655a2dd2d3781f12888
evidence/v1_verified_data/grid_1km_14cities.csv,1761748,b8ba4dd9f46f59e052ddb1148bb99bde77f82bd78b69cb08a9e1abc49b49d13c
evidence/v1_verified_data/grid_1km_14cities.geojson,6270796,792d5ea198c9d97b1fd997d4df3c8aa0d6cb99d0e79949d64c56b16cc4dbd8fc
evidence/v1_verified_data/grid_1km_city_heterogeneity_summary.csv,4451,263110539c0d0e9715fce6d608fe9ea651bf43838928e416cd9fca535323d14a
evidence/v1_verified_data/income_14cities.csv,1514,f44ce8bef80baf02d91f9467648141ab1f13debc5aebc3348e1e56e87f11de9c
evidence/v1_verified_data/pair_grid_heterogeneity_comparison.csv,766,f7aa184143094e3d755ad69b88e476b117142031471b1b81912bb9856f030b7b
evidence/v1_verified_data/pair_prevalence_intensity_decomposition.csv,1757,94e477c6f59c43b7cc4eade6a340d8e1430c056373fa78d2025731952fce1865
evidence/v1_verified_data/pair_results_7pairs.csv,1498,36e2eee3647191e1e42bdaa4f8c828326e2f12ea17520f53e47e7631f3314a0c
evidence/v1_verified_data/policy_friction_14cities.csv,5665,6343e0685d02e66b3045911afed4bc5df82b7151e282ae2a817edeebbe9a9255
evidence/v1_verified_data/prevalence_intensity_14cities.csv,5580,b7f884e6c8166c89031471d5807c02bcaee5d33a61ce5d6df88ce174393f6f08
evidence/v1_verified_data/roofsize_14cities.csv,9389,1587816391a1b9720a14da5604857571b9eca4f48855a196b5ea80c5feea1221
evidence/v1_verified_data/seven_pair_alignment.csv,598,a3db1e9e560890d4fef9a5ad47a61f20fadcfb766f8fa795dcdc1521470e7341
evidence/v1_verified_data/solar_resource_pair_matching_7pairs.csv,1372,1428600053535898acaf53f7d62bbcbf38cbd3f27bfa00813d3db6dca6e865ae
evidence/v1_verified_data/solar_resource_pvgis_era5_14cities.csv,6467,f27f6dea7f5fc68d0ba3894e18b80373badde94ad80aaa0675f3c86c74580847
evidence/v1_verified_tables/table_s1_city_level_pv_utilization_full.csv,5016,08cc7f9c91e6c4a14988fc50df05130bafa31090d8e21013c51be230355e9fe1
evidence/v1_verified_tables/table_s1_economic_model_city_inputs.csv,3140,3f49455fe497a41a123a8f6598765a0ba53e6bcb292e5655a2dd2d3781f12888
evidence/v1_verified_tables/table_s1_global_model_assumptions.csv,294,913bc5383a0c81c967d8f1c16f1493752b43248906727638dd178242de1ddd11
evidence/v1_verified_tables/table_s2_policy_friction_codebook.csv,4096,69b47ef55f956ea5ae38c6b489a331378c839227cae21e8fc2900870e981361b
evidence/v1_verified_tables/table_s2_roofsize_building_class_full_values.csv,56986,1ca5cd021381b3b1874bc1f591b62ead3782162daffd1bcf6d5066d3ab52793c
evidence/v1_verified_tables/table_s3_irr_match_requirements_by_pair.csv,1282,894ac83590b4135921cc5578ca69cc52a3998a94cc6852fb855074f6ee7668a2
evidence/v1_verified_tables/table_s4_fig3_small_n_robustness.csv,598,a3db1e9e560890d4fef9a5ad47a61f20fadcfb766f8fa795dcdc1521470e7341
evidence/v1_verified_tables/table_s5_policy_friction_robustness.csv,398,c5a4225060b0bb31c1cf4201455fa8ad58519ef77fcbd1d23b46839dff442037
evidence/v1_verified_tables/table_s6_pv_pattern_sensitivity.csv,1498,36e2eee3647191e1e42bdaa4f8c828326e2f12ea17520f53e47e7631f3314a0c
evidence/v1_verified_tables/table_s7_economic_export_compensation_sensitivity.csv,550,7c85b82941f74358098258bf273a3f2c14af7586cc1a720e42f8e4dfb6fed65c
evidence/v1_verified_tables/table_s7_economic_sensitivity.csv,751,b9a2773c642b331164afdbeea96e1a8cd1f3c1d2255f895225aedd865341dd4b
evidence/v1_verified_tables/table_s_building_footprint_threshold_sensitivity.csv,1990,e8d5b4c79645f0d403a860d6fb333a5322f481c4ae56d86b69497c968f5cdb2c
evidence/v1_verified_tables/table_s_building_use_label_completeness.csv,599,3e033d76195b2cb10453d77cd6ce703833c0e4bf397979d6b5927025a8e759f5
evidence/v1_verified_tables/table_s_energy_emissions_assumptions.csv,697,4acda7d1544757409b3ad0543a55609590517a903333178e14051609dab1eb7a
evidence/v1_verified_tables/table_s_energy_emissions_gap_closure.csv,3232,4be3c800afa9d48f33149611d18488d3109f4284fb692ad6c9c6bb447680330b
evidence/v1_verified_tables/table_s_energy_emissions_grid_factors.csv,1507,4218823c430a7095f9608bdf33520a0c18cc538d2ca75fb83aa6aaae8401e066
evidence/v1_verified_tables/table_s_external_calibration_asymmetric_undercount_sensitivity.csv,2839,18f68a63f2a2bbb37082bb1bcb2958667e9d90cd0b4777bff1409a27276b21c7
evidence/v1_verified_tables/table_s_external_pv_calibration.csv,6801,826e532765dd503f9942f09cb5a3083ad142c38544e4895107f3e9e7bcfaf2e9
evidence/v1_verified_tables/table_s_segment_economic_results.csv,2916,95105ed9184eab930c2daaab00836c9aa7d1bd359f8ac5361f0e9d41c89a1258
evidence/validation/checkpoint_historical_holdout/detroit_windsor_holdout_samples.csv,4920,b0d40cb37f3855976b9ed7362793bc2c6aba1aff07669b66e36c592a72791aef
evidence/validation/checkpoint_historical_holdout/historical_training_split_568.csv,89684,4bf016961353f8429f131613d42687406e9b5aed05766c37d55ff02faa939760
evidence/validation/checkpoint_historical_holdout/holdout_manifest.json,2335,a5097622a3f0372f0f96d1008b60ebdf21ee52d308759b2f0f4c9ff9fa1b80fc
evidence/validation/checkpoint_historical_holdout/holdout_report.md,1514,a812fa5aa6443d9a0505214c2db8fb79cd84fe20d166968ea7f3dbb8db8bf392
evidence/validation/checkpoint_historical_holdout/raw_holdout_metrics.csv,814,97dfc4f4e674a80f2f07f66543f6b4ddc65cae3b799c7fd69588cfc9ae5b688b
evidence/validation/checkpoint_historical_holdout/raw_test/metrics.csv,4641,d8f2fcbb300237d75365d41a4933d26c1c31d39f057bc15f562f8f9cf3dfc04d
evidence/validation/checkpoint_historical_holdout/raw_test/per_sample.csv,20705,4ac54eca1250845b27954585b20c6822288c257d19980c55c45d5db2804c785f
evidence/validation/checkpoint_historical_holdout/raw_test/summary.json,2166,39afc0bc85025cf90d3b50df5241d4585f4d05576d1bf1dce1bfaaa93ba56f5a
evidence/validation/checkpoint_historical_holdout/split_counts_by_city.csv,186,925a8c5bcc5598f8f2d25f0132f0ccc13c8c66af4b0f57e74dbb25c9f026b0cb
figures/assets/revision/fig2_panel_label_a_myriadpro.png,4955,5ae0045106e87332efb420108a8ca43b26908f97293c9c55a85564f05a7bb169
figures/assets/revision/fig2_panel_label_b_myriadpro.png,5344,602c0c331d6d644b7206ae605009185c7704c0fee66834a65e732570aad330e7
figures/assets/revision/fig3_panel_label_c_myriadpro.png,2771,9fd219bdfc3766d126b07a24ed3b9b8926a198e30cbdc807b631d2fd27d5d129
figures/assets/revision/fig3_panel_label_d_myriadpro.png,2337,f913151c316b7e298c52e0b8ffdc487f902b2072e1428f325c0bda00214b8c97
figures/main/Fig_1.pdf,5663371,66c24491a3eb5bd1a1c1ffaffd5206ab53e55f309e12c3de41226cc831e40e86
figures/main/Fig_2.pdf,35029,91e536c0c350d0d3d928d51734781a076ac4dfb0ac3f18de2c74cb526ae2a85f
figures/main/Fig_3.pdf,83028,a47f4744c4dbf25dc7e7957636fe4faa045cb41b17aa9b5902ddc544cb88e481
figures/main/Fig_4.pdf,54024,c2e7e0cb5b01fc26927150358ce4540302ef4d81e46a52db23383e73f424ad30
figures/main/Fig_5.pdf,60130,d253f4f87d8b40d3d1f9655be69736dd11344c5d2c71e8cd30c895ff394fdb3b
figures/main/Fig_6.pdf,685086,69df0f43065a84b5d5133a00f33786478f49776d70d8d7b45a96d19f108f86b7
figures/main/fig_4.pdf,813112,d982ee3ca550863fcd047e197345062323da1582dd43bf46d4cad0eeb01a1d54
figures/main/fig_5.pdf,638851,809c40d31cef0e9d23542526e97effc38d13cb458e6103052a11cf0b9cce4a85
figures/main/production_master_original_fig4.pdf,813112,d982ee3ca550863fcd047e197345062323da1582dd43bf46d4cad0eeb01a1d54
figures/panels/original/all_pairs_allbuilding_totalfriction_irr_gap_scatter.pdf,20499,b5bbe65f1e739e5b1c566e85a2d7533c734c631b6b80cb2cd20098064a2aa72b
figures/panels/original/blended_lcoe_citypair_dumbbell_with_rates.pdf,31859,6950bc36334aa12bc6d4b2e21c997b5501ffbb83ec4ca7c81cfb85a76b4ebfef
figures/panels/original/border_city_pv_friction_matrix_heatmap.pdf,219320,809357055b098b74ff044032b9f5a3d9280a77a23773eea8b14b38faac8a23c9
figures/panels/original/capex_vs_profitability.pdf,44984,4780f17b48584f035db08f7b6de94ba6fb052491a59ee68dfbbaf78807f9c2d9
figures/panels/original/discounted_cashflow_profiles_narrow_tall.pdf,31550,cf2230ef127b2f7024ffc50c093f40c08193a522004f4ffad592c392c6ed133e
figures/panels/original/fig2_panel_a_dumbbell.pdf,36708,e812f073ad8dc6f049442e5a74d62debd0133a2bb87c837cdbdb4dd057b517e5
figures/panels/original/fig2_panel_b_leadership_matrix.pdf,13324,c258b61763987ad051c4167b15b82c233f32302af0c33e855ea7fa2f0fc090ff
figures/panels/original/fig3b_leadership_consistency_matrix_revised.pdf,25698,f400e2fc011a52cfe7a3423470b1e0895c8d34ba2831303e85d65c81e50efe27
figures/panels/original/fig3d_directional_agreement_heatmap.pdf,18846,4a725c9bbe151f5dfbe0fcaff3b7a555c79704c5f7adb338e41af65b3509b6b5
figures/panels/original/fig5a_policy_friction_matrix.pdf,32373,b09d284891ad2d547375ce302691878f1e489949fcad5fa865dc801e7a1b6e39
figures/panels/original/fig5b_lower_friction_summary.pdf,24512,e183d96cefa7a628bef251f65c8cdc97cfb92221c08a27f343a748e0b1871cfc
figures/panels/original/fig_5a.pdf,25283,a4d675326f65f5d72ed7d65d69c74100950d467659bccd5c2776253134910327
figures/panels/original/fig_5b.pdf,37805,09ad5452436643cf813f0eefa5b9da4ae5da085f6d8866d20622eddbff6b3bcf
figures/panels/original/fig_6a_roofsize_utilization_share.pdf,29483,b5a7cee5d5add3de2e36a9ade6aaf9d65ff8faf506e604b2de835496d900bf48
figures/panels/original/fig_6b_large_roof_leverage.pdf,25848,e73c8dec1352d858d2b4ed3fe4e8930b49118aeaf81b03fe18f518f520f4f5d7
figures/panels/original/fig_6c_building_type_adoption.pdf,34258,fdde9f726f4ebdedf9df6e1cf54b769bae2b6c5c735ab44318361b7fbd45fdf9
figures/panels/original/pair_city_rpv_utilization_hbar.pdf,36708,e812f073ad8dc6f049442e5a74d62debd0133a2bb87c837cdbdb4dd057b517e5
figures/panels/original/pair_res_nonres_5metric_barplots.pdf,24688,4491c3d1a3ac7faccb0b21cf430667d60ac09c7e2c9d549ca89a357ab263356d
figures/panels/original/pv_gap_three_factors_scatter.pdf,21399,87de0218b4062f158dc3441dbbe903dcdbc6cd07d0cf9a085f8b434817d1401e
figures/panels/original/pv_gap_three_factors_scatter_legend.pdf,12235,cc11e9e1ceabf7e6dad282c777cae11210969bff6571ffb57b4ba37e3b7b9541
figures/panels/original/res.pdf,709611,99221fa8a78798a17b1957bed715aeec2af97e14d269d36effef3f137b8be6c3
figures/panels/original/within_pair_rank_scatter.pdf,13324,c258b61763987ad051c4167b15b82c233f32302af0c33e855ea7fa2f0fc090ff
figures/supplementary/Fig_S_detroit_windsor.pdf,73136,5bd9df553ca59c0fabdd8c6904c99d34918ae5005c18226ad8ffaaf658068ae4
figures/supplementary/Fig_S_economic_uncertainty.pdf,22620,4dac9ef3a7dfae223b3868fe8edc226233283b4e03fd4ccb3ed925e826572e09
figures/supplementary/Fig_S_grid_atlas.pdf,2585143,8bcfcf052e5e5c374c1917d12534fd6804c7e8067b73c8ff649e9525d0d4c44a
figures/supplementary/Fig_S_grid_sensitivity.pdf,26692,cdac2204cfd4bd654a50fb1f0fa8b76dd9a8d6562772d993a549474d1b8c1e4a
figures/supplementary/Fig_S_large_roof.pdf,25865,65470fd8815eb1c0b50ab7f0c6443a9473fca2a0e5e3e936ad4d4850400ca33f
figures/supplementary/Fig_S_policy.pdf,638851,809c40d31cef0e9d23542526e97effc38d13cb458e6103052a11cf0b9cce4a85
requirements.txt,92,cda3fac569341adcb95922b93f7987d5e4ce74cdb862952d24551d863ead5038
scripts/rebuild_source_data_archives.py,1450,1bf51559591b74bb189c658b9c789fa529bd09640edd1308c065e84ed1bb2193
scripts/validate_release.py,4350,eaad887df47a3a0c6a8ccebc01e730409467a4fcd889482ecb95f690923f4353
tables/table_policy_friction_sources_rows.tex,21383,cec7bef9b75ff1d448d5123e6291f189cc1081bd7ad28fa9ae8788a0d5f6407b
tables/table_s1_city_level_pv_utilization_full.csv,3317,7db487fa8573d404fe6513545875d4d011af240bcc7d420c238c01b66a2bf608
tables/table_s1_city_level_pv_utilization_full.tex,2933,6483b5a56e0e08d0f65af0d447ad1926fb94f8c545c7bb8a5340b39aa2a124d9
tables/table_s1_economic_model_city_inputs.csv,1639,2a7b8a17cf08a7fcceb2a7500295079499ed74e98bc947caa346f33ec0068aa4
tables/table_s1_economic_model_city_inputs.tex,2126,3469f63544d9b1bc3c88fc97cb397de2b917e51074c3a050def25e0bf72306d1
tables/table_s1_global_model_assumptions.csv,294,913bc5383a0c81c967d8f1c16f1493752b43248906727638dd178242de1ddd11
tables/table_s1_global_model_assumptions.tex,426,588728df2a3b396358cd1ea5d357b9b65d3492b288c543a886ca3f2c0115a9ae
tables/table_s2_policy_friction_codebook.csv,4096,69b47ef55f956ea5ae38c6b489a331378c839227cae21e8fc2900870e981361b
tables/table_s2_policy_friction_codebook.tex,3266,8cca7f29cacdff70757570a8adc207de8e8b60b581dd66ec2a313ab54186d539
tables/table_s2_roofsize_building_class_full_values.csv,56986,1ca5cd021381b3b1874bc1f591b62ead3782162daffd1bcf6d5066d3ab52793c
tables/table_s2_roofsize_building_class_full_values_rows.tex,32385,d217d363caebf5424aac24bbd2435aa445f301b837412211d5857bd76425ee7e
tables/table_s3_city_image_coverage_summary.tex,1000,624ee650af5da0606de3943e5c0af46be8fb469273d9d75aa39ba594a29e89c2
tables/table_s3_irr_match_requirements_by_pair.csv,1282,894ac83590b4135921cc5578ca69cc52a3998a94cc6852fb855074f6ee7668a2
tables/table_s3_irr_match_requirements_by_pair.tex,977,03d408c2cf81302f8d94576f4961115c574c1dc4c7ea8f34899ed289646b9f17
tables/table_s4_fig3_small_n_robustness.csv,436,2acc55eb6655052ae1dc11059048245079e464cba3dabe229e55433e4959353e
tables/table_s4_fig3_small_n_robustness.tex,609,f668dacc56de701acd1526dab0a3a381bc2a990e76fe496f7a29d94a9d4d3941
tables/table_s4_imagery_timing_alignment.tex,9427,b91a119457adab7762a5a00677b96704c985a47aca95c216ccbebc6057b1ceb9
tables/table_s5_policy_friction_robustness.csv,398,c5a4225060b0bb31c1cf4201455fa8ad58519ef77fcbd1d23b46839dff442037
tables/table_s5_policy_friction_robustness.tex,502,e08de44cb90b2160ab2b0f69d87bee7ad67a4128e08bba6c591bd63b24b0bee3
tables/table_s5_segmentation_benchmark_by_city.tex,1058,3c1bc95607d8f05f4f1d3bbe588bf16e5b09c4571ffd021186c1c85d356c1ad2
tables/table_s5_segmentation_model_parameters.tex,1762,86b8ee89361498517b36febbfcb98157307d8e03c1e29d92a51c581b272457d0
tables/table_s6_pv_pattern_sensitivity.csv,457,2b38144903087b704831a856ead1644440dfbd894706e7f8e5cf9508b426a781
tables/table_s6_pv_pattern_sensitivity.tex,627,01e66cd91a47a468d5f490acf8be89fe45c020e6e9bc03c7c944bde6a90f2025
tables/table_s7_economic_export_compensation_sensitivity.csv,550,7c85b82941f74358098258bf273a3f2c14af7586cc1a720e42f8e4dfb6fed65c
tables/table_s7_economic_input_sources_rows.tex,14079,0464e7db764c299d326b866cf17ad2d1c90a1b55b7cfa20d66740df6d8818939
tables/table_s7_economic_sensitivity.csv,751,b9a2773c642b331164afdbeea96e1a8cd1f3c1d2255f895225aedd865341dd4b
tables/table_s7_economic_sensitivity.tex,909,150383ca1ced3e08acc3ec485a8cf51fee33c508d68714967f160788058bb02e
tables/table_s_boundary_audit_14cities.tex,2558,8d6b1f78dd4cfc8b39c28c9c0f0da01a12e79e3bced704c064af12de02bf3833
tables/table_s_boundary_sources_14cities.tex,2830,0a9ae284971a98f35596e2bf96ed7048af5d99e7d2c2948ffbe5469625b3f96a
tables/table_s_building_footprint_threshold_sensitivity.csv,1988,5a8e55a44d1a94896bf14d518e782fd87adafee3b9a53e5d9ba99951778f201a
tables/table_s_building_footprint_threshold_sensitivity.tex,1260,432d417682c16569b41abb3f054a774cf848032600d75902ab9d73162cbb4cd8
tables/table_s_building_use_label_completeness.csv,599,3e033d76195b2cb10453d77cd6ce703833c0e4bf397979d6b5927025a8e759f5
tables/table_s_building_use_label_completeness.tex,901,b7c7d3a64cdb871c1adbb7ea6a28282d5143cb360c87c0b41d8ff608a7ef9c4d
tables/table_s_candidate_pair_screening.tex,3333,444bcbfee061bc2738187fda0bf95b9f37f4fefa1a51309c00a98341e1a17ccd
tables/table_s_city_boundary_definition.tex,3116,183c7101dbdb51a1af46a7a3d2b06a8af0aa43786daaf7520a73d9277461e086
tables/table_s_currency_conversion_assumptions.tex,1223,afd87e441a627dc8711a0b168c837976274deeb997c19330f3e67b6ebb2f8986
tables/table_s_detroit_windsor_context.csv,743,5cce440ecbddea07937111a1e1ff18e470b92cbfd990afd10a86e44a7a50599d
tables/table_s_detroit_windsor_context.tex,802,daef612d96d2976dc7ee1e23ed710f6329ee69b3d55abe2ad82d04246dc6e4f9
tables/table_s_detroit_windsor_mapping.csv,1116,35342aea5250cb3fe3dc3f63fd0976deab71a49df88964b37406ffbc45c46328
tables/table_s_detroit_windsor_mapping.tex,1321,d3c1e30f6d1ae8e12d32afb15353f9f9ed18b7acedaee3870b357ca96d7d4010
tables/table_s_detroit_windsor_primary_sensitivity.csv,496,92dc6ef1ef9de46cff94d66c54a6d1765e8ac97464ca012249aa4945ab2d856c
tables/table_s_detroit_windsor_primary_sensitivity.tex,641,d31eed495c6a05aaee81de709c3af9ee1d43ab948d7136322a273344bf48c64d
tables/table_s_detroit_windsor_roofsize.csv,434,5780b35a8302196f44a8b780b0d7d2652d7372af60114dd576b6e0607d86cb6a
tables/table_s_detroit_windsor_roofsize.tex,687,0808747102c6932556154d6a03a0514e8af41e75e6262f3e5abc6f09673154d8
tables/table_s_detroit_windsor_validation.csv,226,cae37ae3cb1ea9594034416169e405b9bceaecd2b752fa66f489f5a61d77e463
tables/table_s_detroit_windsor_validation.tex,319,36712d37fa195a0bf1b8a5be70c81a3cb6f7b3805860a7e657a964b0665a1d90
tables/table_s_economic_input_audit_rows.tex,37441,a42315ec61355cfb066041acf855d2531223e6356a571a2b91457689ba3f3b94
tables/table_s_energy_emissions_assumptions.csv,697,4acda7d1544757409b3ad0543a55609590517a903333178e14051609dab1eb7a
tables/table_s_energy_emissions_assumptions.tex,842,5191629b6674b827a460cd495c69f7936beda8df0ccaa3a326b3daeb9037bc8d
tables/table_s_energy_emissions_gap_closure.csv,3232,4be3c800afa9d48f33149611d18488d3109f4284fb692ad6c9c6bb447680330b
tables/table_s_energy_emissions_gap_closure.tex,737,35a14576b143b5fec2b838731b767ff1ea6106a489c48ec71e3910a1d609c350
tables/table_s_energy_emissions_grid_factors.csv,1507,4218823c430a7095f9608bdf33520a0c18cc538d2ca75fb83aa6aaae8401e066
tables/table_s_energy_emissions_grid_factors.tex,821,3665700442a128ade58ee0e801b54ae70f2edb0b7fb6c1f7a81772c35b128bb3
tables/table_s_external_calibration_asymmetric_undercount_sensitivity.csv,2850,1990331a1ded7a44cd712592946a6ca5aafa33133f156dae30cd7e82405e4db2
tables/table_s_external_calibration_asymmetric_undercount_sensitivity.tex,1644,2b0eaae8189052ea0bef329ec070fae711ae771c37e27c3cabe1f3360e9c54f1
tables/table_s_external_pv_calibration.csv,6733,7d81e4d8e0787e1042f00085626744e2fdec6af4eb3259d791f85c81500ff72b
tables/table_s_external_pv_calibration.tex,3750,0acbb6683f33404b4a7f0516356cf2e0dcbf8bf3fda8cd1ae5fee361bac34472
tables/table_s_grid_concentration_sensitivity.tex,1045,e579dcdaf25cbb4b311b5942d0d0c633895aaca8fd1e61c5c00e45c60f6bcc22
tables/table_s_grid_direction_sensitivity.tex,960,d6c7b2fa4017d170bf799be9e0db65f486f8944530a2701881c84b29e567fe02
tables/table_s_grid_heterogeneity_14cities.tex,1139,ab9b7cac917ea6751ffbeb953fc997e2c2323016d37cf38429619ff9c9c23e50
tables/table_s_grid_sensitivity_scenarios.tex,1080,cf0a59a37b4df363311dd10150a9c89644a9d6a007e28c95f71100cb5fe793ce
tables/table_s_hk_shenzhen_footprint_threshold_sensitivity.tex,1021,893eb430b49f81de04c39230b1b364fe2b199d5f87a76a1931ecfd47ba9cce20
tables/table_s_imagery_offset_growth_bound.tex,1519,a54516f24899c392629a7cb825c1bbe6621103d46775ff2b882321ddc6a4ac35
tables/table_s_income_ranking_triangulation.tex,2879,7119c3437aa583e4a4967f7290f949343af3e1425a197dc18ce47da670b59fba
tables/table_s_pair_grid_heterogeneity.tex,559,81a5c3b5654d1ed79c820153021b5e04eb31c35c1d87e608a546d5e9470148f3
tables/table_s_segment_economic_results.csv,2916,95105ed9184eab930c2daaab00836c9aa7d1bd359f8ac5361f0e9d41c89a1258
tables/table_s_segment_economic_results.tex,4541,e3e724956c76e4e614876587bbe482725aa7aa0b752e3eaba7c14df736f4370e
tables/table_s_solar_resource_14cities.tex,1219,6fe2946435424937684fd146dda54bcf5b22fbe8ec6b624ceb25908a85bd897b
tables/table_s_solar_resource_pair_matching.tex,657,20bd82797efd779b1ba94a797c35b90688cf8a2f953919139308e24575fa717b
tables/table_s_urban_evidence_boundary_matrix.csv,2777,21c6c6d097bd7a6f747fa35dc5511df1140d39afd9cd210bb8e0c5bafd79c7a3
tables/table_s_urban_evidence_boundary_matrix.tex,3012,033dd12b39114ad1b0bc39446c7fa823448e8c0d782e75d90e05a452eae6604b
