scope,name,pv_area_m2,building_area_m2,pv_share_of_building,residential_pv_area_m2,residential_building_area_m2,residential_pv_share_of_building,non_residential_pv_area_m2,non_residential_building_area_m2,non_residential_pv_share_of_building
city,bratislava,178892.11348431115,20809541.59831397,0.008092108472821819,53872.85412393021,8236343.338587321,0.0065408703728431,114520.21375932451,12573198.259726604,0.009108280279501
city,elpaso,614270.7731386509,66259182.57242626,0.005515226023197416,46979.42065093038,6576527.1797450725,0.0071434998087777,318454.9473483062,59682655.39268155,0.0053358039325334
city,hongkong,1549250.4092518853,78066829.59226577,0.018692902217946016,394018.7590345208,35032544.590258904,0.0112472206527664,1065276.8529987447,43034285.00200638,0.0247541431895308
city,johorbahru,1896694.3955070383,101008261.785139,0.012923053494056935,115475.86981036566,44460314.08896067,0.0025972796678698,1189859.3005807456,56547947.69618272,0.0210416000766915
city,juarez,646624.7161188828,74024382.18049236,0.007612364864871233,91683.6641484626,6846281.09196137,0.0133917469816005,471816.94190612703,67178101.08853158,0.0070233741987487
city,monaco,7893.938995554112,734252.9479201251,0.007888713460750202,3093.818905433407,320702.27946489805,0.0096470125207577,2698.4922084196005,413550.6684552269,0.0065251791721181
city,nice,88422.5280452515,9581211.594055451,0.008344255339637821,5657.660311940825,2960493.703867597,0.0019110529789506,74290.41569195664,6620717.890187886,0.0112209003501051
city,sandiego,4134283.4442806737,126766841.637763,0.026292920540417233,1155688.9484142484,42960922.96363443,0.0269009338880478,2177381.545927105,83805918.67412962,0.0259812383227206
city,shenzhen,3070267.8891728767,90282551.36736795,0.02806521015493939,188183.2562780053,26644447.57029463,0.0070627569132942,2345615.5211712634,63638103.79707255,0.036858664561265
city,singapore,8986724.423388818,111234157.41970377,0.07275055740064079,1526515.321547897,37707790.22879119,0.0404827573370329,6565831.6327261785,73526367.19091138,0.0892990077379721
city,tijuana,493989.3943109446,71867672.07701361,0.005959099426448206,66743.1909730297,44093640.48394095,0.0015136693237506,361523.4124812585,27774031.593070198,0.0130165983022594
city,vienna,1694352.753061441,60205479.30209212,0.02767616492403235,543728.0493201781,31369275.974365298,0.0173331399093975,1122528.7251749567,28836203.32772753,0.0389277573201041
pair,elpaso-juarez,1260895.4892575336,140283564.7529186,0.0089881911076208,138663.08479939296,13422808.271706443,0.0103304079140932,790271.8892544332,126860756.48121312,0.006229443298105
pair,sandiego-tijuana,4628272.838591618,198634513.7147766,0.0233004463929035,1222432.139387278,87054563.44757539,0.014042137378857,2538904.958408364,111579950.2671998,0.0227541323717071
pair,hongkong-shenzhen,4619518.298424762,168349380.9596337,0.0274400670325744,582202.0153125261,61676992.16055353,0.0094395332022186,3410892.374170008,106672388.79907893,0.03197540068775
pair,singapore-johorbahru,10883418.818895856,212242419.20484275,0.0512782452238818,1641991.191358263,82168104.31775185,0.019983315971469,7755690.933306924,130074314.88709413,0.059625076173101
pair,nice-monaco,96316.4670408056,10315464.541975578,0.0093370944807066,8751.479217374232,3281195.983332495,0.0026671613831752,76988.90790037625,7034268.558643113,0.010944834883476
pair,vienna-bratislava,1873244.866545752,81015020.90040609,0.023122191980282,597600.9034441083,39605619.31295262,0.0150887907779457,1237048.9389342812,41409401.58745413,0.0298736251071319
