City Pairs,City,"Annual Income USD (net, Numbeo)",GDP per Capita PPP USD (2024),Avg Rent 1BR Center USD/mo,Property Price Center USD/sqm
US-MX Border,"San Diego, US",65915,85810,3145,8613
US-MX Border,"Tijuana, MX",12239,25688,904,3292
US-MX Border,"El Paso, US",38856,85810,1121,1783
US-MX Border,"Ciudad Juarez, MX",7296,25688,641,1012
CN-HK Border,"Shenzhen, CN",19449,27105,724,13260
CN-HK Border,"Hong Kong, CN",39873,75216,2224,25318
SG-MY Border,Singapore,52054,150689,2789,23538
SG-MY Border,"Johor Bahru, MY",13900,38729,500,2104
FR-MC Border,"Nice, FR",32369,61322,1158,7619
FR-MC Border,Monaco,102998,270100,9638,71397
AT-SK Border,"Vienna, AT",44143,71618,1268,12871
AT-SK Border,"Bratislava, SK",21217,40347,1054,6040
