panel,record_type,Pair,City,Comparison City,A: Export compensation friction,B: Export constraint friction,C: Settlement complexity friction,D: Policy uncertainty friction,E: Small-system approval friction,F: Building/planning approval friction,G: Grid study/fee friction,H: Professional credential friction,Revenue Friction Index,Administrative Friction Index,Total Friction Index,Evidence status,Key note,Primary source URL 1,Primary source URL 2,city_key,City1,City2,Lower Rev.,Lower Adm.,Lower Total,factor,factor_group,segment,city_pair,first_city,second_city,component_advantage,pv_advantage,signed_alignment_contribution,contribution_magnitude,same_direction,res_weight_for_factor,nonres_weight_for_factor,residential_total_alignment,nonresidential_total_alignment,residential_weight,nonresidential_weight
a,city_component_scores,Vienna–Bratislava,Vienna,Bratislava,1.0,0.0,1.0,1.0,0.0,1.0,1.0,2.0,3.0,4.0,7.0,High,"Small systems face low planning friction, although grid access and certified installation still matter.",https://www.wienernetze.at/photovoltaik,https://www.oem-ag.at/de/foerderungen/photovoltaik/,vienna,,,,,,,,,,,,,,,,,,,,,,
a,city_component_scores,Vienna–Bratislava,Bratislava,Vienna,1.0,2.0,1.0,1.0,2.0,2.0,0.0,1.0,5.0,5.0,10.0,Medium,"Small-source grid connection is relatively simple, but household export-capacity rules tighten from 2026 and municipal rooftop-specific permitting detail remains limited.","https://www.zsdis.sk/Uvod/Vyrobcovia-elektriny/Male-zdroje-do-10,8-kW",https://www.zsdis.sk/Uvod/Vyrobcovia-elektriny/Novinky-pre-vyrobcov,bratislava,,,,,,,,,,,,,,,,,,,,,,
a,city_component_scores,Singapore–Johor Bahru,Singapore,Johor Bahru,1.0,0.0,1.0,1.0,1.0,2.0,1.0,2.0,3.0,6.0,9.0,High,"Rules are relatively transparent, but licensing and credential requirements vary by system size and customer class.",https://www.ema.gov.sg/consumer-information/solar/implementation-guide,https://www.ema.gov.sg/consumer-information/solar/payment-schemes,singapore,,,,,,,,,,,,,,,,,,,,,,
a,city_component_scores,Singapore–Johor Bahru,Johor Bahru,Singapore,3.0,3.0,2.0,3.0,2.0,1.0,3.0,3.0,11.0,9.0,20.0,High,"Solar ATAP imposes export-credit constraints, study requirements, and multiple procedural gateways, especially for larger systems.",https://www.seda.gov.my/reportal/atap/,https://www.seda.gov.my/reportal/wp-content/uploads/2025/12/Guideline-for-Solar-Photovoltaic-Installation-under-Solar-ATAP-Programme-in-Peninsular-Malaysia-v2.pdf,johorbahru,,,,,,,,,,,,,,,,,,,,,,
a,city_component_scores,San Diego–Tijuana,San Diego,Tijuana,1.0,1.0,1.0,1.0,0.0,1.0,1.0,0.0,4.0,2.0,6.0,High,"Residential permitting is streamlined, but post-NEM net-billing weakens export value.",https://www.sandiego.gov/development-services/permits/solar-photovoltaic-permit,https://www.cpuc.ca.gov/industries-and-topics/electrical-energy/demand-side-management/customer-generation/nem-revisit,sandiego,,,,,,,,,,,,,,,,,,,,,,
a,city_component_scores,San Diego–Tijuana,Tijuana,San Diego,0.0,0.0,0.0,1.0,2.0,2.0,1.0,1.0,1.0,6.0,7.0,Medium,"National CFE net-metering options are available, but rooftop-specific municipal permitting detail remains limited.",https://www.cfe.mx/hogar/nuevocontrato/pages/generacion_distribuida.aspx,https://www.bajacalifornia.gob.mx/portal/gobierno/secretarias/sidue/tramites_servicios/tramite_obra_privada.jsp,tijuana,,,,,,,,,,,,,,,,,,,,,,
a,city_component_scores,El Paso–Juarez,El Paso,Juarez,1.0,1.0,1.0,1.0,1.0,2.0,2.0,1.0,4.0,6.0,10.0,High,"Net metering exists, but minimum bill, interconnection fees, and utility inspection add friction.",https://www.epelectric.com/residential/rooftop-solar/texas-interconnection-of-facilities-up-to-10-mw,https://www.epelectric.com/residential/rooftop-solar/rooftop-solar-options,elpaso,,,,,,,,,,,,,,,,,,,,,,
a,city_component_scores,El Paso–Juarez,Juarez,El Paso,0.0,0.0,0.0,1.0,2.0,2.0,1.0,1.0,1.0,6.0,7.0,Medium,"National distributed-generation options are available, but municipal construction licensing remains a likely soft-cost barrier.",https://www.cfe.mx/hogar/nuevocontrato/pages/generacion_distribuida.aspx,https://juarezdigital.gob.mx/tramites/show/licencia-de-construccion,juarez,,,,,,,,,,,,,,,,,,,,,,
a,city_component_scores,Hong Kong–Shenzhen,Hong Kong,Shenzhen,0.0,0.0,0.0,0.0,3.0,3.0,1.0,2.0,0.0,9.0,9.0,High,"Feed-in tariff support is strong, but multi-agency approvals and building-safety requirements create high administrative friction.",https://www.gov.hk/en/residents/environment/sustainable/renewable/feedintariff.htm,https://www.clp.com.hk/en/community-and-environment/renewable-energy/feed-in-tariff,hongkong,,,,,,,,,,,,,,,,,,,,,,
a,city_component_scores,Hong Kong–Shenzhen,Shenzhen,Hong Kong,2.0,1.0,2.0,2.0,2.0,2.0,0.0,1.0,7.0,5.0,12.0,Medium,"Project filing is required and export revenue is increasingly market-linked, raising settlement complexity and policy uncertainty.",https://fgw.sz.gov.cn/zwgk/qt/tzgg/content/post_11225884.html,https://www.ndrc.gov.cn/xxgk/zcfb/tz/202502/t20250209_1395776.html,shenzhen,,,,,,,,,,,,,,,,,,,,,,
a,city_component_scores,Monaco–Nice,Monaco,Nice,0.0,0.0,1.0,0.0,2.0,2.0,2.0,2.0,1.0,8.0,9.0,High,"Production subsidies are generous, but documentation, meter-contract requirements, and professional installation remain important.",https://journaldemonaco.gouv.mc/Journaux/2025/Journal-8741/Arrete-Ministeriel-n-2025-171-du-31-mars-2025-relatif-a-l-aide-a-la-production-d-electricite-photovoltaique,https://service-public-particuliers.gouv.mc/Logement-et-cadre-de-vie/Construction-travaux/Faire-des-travaux/Beneficier-d-une-aide-a-la-production-d-electricite-photovoltaique,monaco,,,,,,,,,,,,,,,,,,,,,,
a,city_component_scores,Monaco–Nice,Nice,Monaco,3.0,0.0,2.0,2.0,2.0,2.0,1.0,2.0,7.0,7.0,14.0,High,"Administrative steps are standardized, but low surplus compensation and standard raccordement/Consuel steps raise effective friction.",https://www.service-public.fr/particuliers/vosdroits/F35583,https://www.photovoltaique.info/fr/actualites/baisse-des-tarifs-et-primes-au-27-mars-2025/,nice,,,,,,,,,,,,,,,,,,,,,,
a,pair_lower_friction_summary,Vienna–Bratislava,,,,,,,,,,,,,,,,,,,Vienna,Bratislava,C1,C1,C1,,,,,,,,,,,,,,,,,
a,pair_lower_friction_summary,Singapore–Johor Bahru,,,,,,,,,,,,,,,,,,,Singapore,Johor Bahru,C1,C1,C1,,,,,,,,,,,,,,,,,
a,pair_lower_friction_summary,San Diego–Tijuana,,,,,,,,,,,,,,,,,,,San Diego,Tijuana,C2,C1,C1,,,,,,,,,,,,,,,,,
a,pair_lower_friction_summary,El Paso–Juarez,,,,,,,,,,,,,,,,,,,El Paso,Juarez,C2,Tie,C2,,,,,,,,,,,,,,,,,
a,pair_lower_friction_summary,Hong Kong–Shenzhen,,,,,,,,,,,,,,,,,,,Hong Kong,Shenzhen,C1,C2,C1,,,,,,,,,,,,,,,,,
a,pair_lower_friction_summary,Monaco–Nice,,,,,,,,,,,,,,,,,,,Monaco,Nice,C1,C2,C1,,,,,,,,,,,,,,,,,
b,pair_factor_segment_contribution,,,,,,,,,,,,,,,,,,,,,,,,,A,Revenue frictions,Residential,Vienna–Bratislava,Vienna,Bratislava,0.0,1.0792269536554384,0.0,0.0,False,0.7272727272727273,0.2727272727272727,,,,
b,pair_factor_segment_contribution,,,,,,,,,,,,,,,,,,,,,,,,,A,Revenue frictions,Residential,Singapore–Johor Bahru,Singapore,Johor Bahru,2.0,3.788547766916259,7.577095533832518,7.577095533832518,True,0.7272727272727273,0.2727272727272727,,,,
b,pair_factor_segment_contribution,,,,,,,,,,,,,,,,,,,,,,,,,A,Revenue frictions,Residential,San Diego–Tijuana,San Diego,Tijuana,-1.0,2.4329249435212477,-2.4329249435212477,2.4329249435212477,False,0.7272727272727273,0.2727272727272727,,,,
b,pair_factor_segment_contribution,,,,,,,,,,,,,,,,,,,,,,,,,A,Revenue frictions,Residential,El Paso–Juarez,El Paso,Juarez,-1.0,-0.6248247172822836,0.6248247172822836,0.6248247172822836,True,0.7272727272727273,0.2727272727272727,,,,
b,pair_factor_segment_contribution,,,,,,,,,,,,,,,,,,,,,,,,,A,Revenue frictions,Residential,Hong Kong–Shenzhen,Hong Kong,Shenzhen,2.0,0.4184463739471992,0.8368927478943984,0.8368927478943984,True,0.7272727272727273,0.2727272727272727,,,,
b,pair_factor_segment_contribution,,,,,,,,,,,,,,,,,,,,,,,,,A,Revenue frictions,Residential,Monaco–Nice,Monaco,Nice,3.0,0.7735959541807056,2.320787862542117,2.320787862542117,True,0.7272727272727273,0.2727272727272727,,,,
b,pair_factor_segment_contribution,,,,,,,,,,,,,,,,,,,,,,,,,A,Revenue frictions,Non-residential,Vienna–Bratislava,Vienna,Bratislava,0.0,2.9819477040603384,0.0,0.0,False,0.7272727272727273,0.2727272727272727,,,,
b,pair_factor_segment_contribution,,,,,,,,,,,,,,,,,,,,,,,,,A,Revenue frictions,Non-residential,Singapore–Johor Bahru,Singapore,Johor Bahru,2.0,6.825740766127952,13.651481532255904,13.651481532255904,True,0.7272727272727273,0.2727272727272727,,,,
b,pair_factor_segment_contribution,,,,,,,,,,,,,,,,,,,,,,,,,A,Revenue frictions,Non-residential,San Diego–Tijuana,San Diego,Tijuana,-1.0,1.2466608422434875,-1.2466608422434875,1.2466608422434875,False,0.7272727272727273,0.2727272727272727,,,,
b,pair_factor_segment_contribution,,,,,,,,,,,,,,,,,,,,,,,,,A,Revenue frictions,Non-residential,El Paso–Juarez,El Paso,Juarez,-1.0,-0.16875702662152722,0.16875702662152722,0.16875702662152722,True,0.7272727272727273,0.2727272727272727,,,,
b,pair_factor_segment_contribution,,,,,,,,,,,,,,,,,,,,,,,,,A,Revenue frictions,Non-residential,Hong Kong–Shenzhen,Hong Kong,Shenzhen,2.0,-1.210452137173381,-2.420904274346762,2.420904274346762,False,0.7272727272727273,0.2727272727272727,,,,
b,pair_factor_segment_contribution,,,,,,,,,,,,,,,,,,,,,,,,,A,Revenue frictions,Non-residential,Monaco–Nice,Monaco,Nice,3.0,-0.46957211779869296,-1.408716353396079,1.408716353396079,False,0.7272727272727273,0.2727272727272727,,,,
b,pair_factor_segment_contribution,,,,,,,,,,,,,,,,,,,,,,,,,B,Revenue frictions,Residential,Vienna–Bratislava,Vienna,Bratislava,2.0,1.0792269536554384,2.158453907310877,2.158453907310877,True,0.5384615384615384,0.46153846153846156,,,,
b,pair_factor_segment_contribution,,,,,,,,,,,,,,,,,,,,,,,,,B,Revenue frictions,Residential,Singapore–Johor Bahru,Singapore,Johor Bahru,3.0,3.788547766916259,11.365643300748776,11.365643300748776,True,0.5384615384615384,0.46153846153846156,,,,
b,pair_factor_segment_contribution,,,,,,,,,,,,,,,,,,,,,,,,,B,Revenue frictions,Residential,San Diego–Tijuana,San Diego,Tijuana,-1.0,2.4329249435212477,-2.4329249435212477,2.4329249435212477,False,0.5384615384615384,0.46153846153846156,,,,
b,pair_factor_segment_contribution,,,,,,,,,,,,,,,,,,,,,,,,,B,Revenue frictions,Residential,El Paso–Juarez,El Paso,Juarez,-1.0,-0.6248247172822836,0.6248247172822836,0.6248247172822836,True,0.5384615384615384,0.46153846153846156,,,,
b,pair_factor_segment_contribution,,,,,,,,,,,,,,,,,,,,,,,,,B,Revenue frictions,Residential,Hong Kong–Shenzhen,Hong Kong,Shenzhen,1.0,0.4184463739471992,0.4184463739471992,0.4184463739471992,True,0.5384615384615384,0.46153846153846156,,,,
b,pair_factor_segment_contribution,,,,,,,,,,,,,,,,,,,,,,,,,B,Revenue frictions,Residential,Monaco–Nice,Monaco,Nice,0.0,0.7735959541807056,0.0,0.0,False,0.5384615384615384,0.46153846153846156,,,,
b,pair_factor_segment_contribution,,,,,,,,,,,,,,,,,,,,,,,,,B,Revenue frictions,Non-residential,Vienna–Bratislava,Vienna,Bratislava,2.0,2.9819477040603384,5.963895408120677,5.963895408120677,True,0.5384615384615384,0.46153846153846156,,,,
b,pair_factor_segment_contribution,,,,,,,,,,,,,,,,,,,,,,,,,B,Revenue frictions,Non-residential,Singapore–Johor Bahru,Singapore,Johor Bahru,3.0,6.825740766127952,20.477222298383857,20.477222298383857,True,0.5384615384615384,0.46153846153846156,,,,
b,pair_factor_segment_contribution,,,,,,,,,,,,,,,,,,,,,,,,,B,Revenue frictions,Non-residential,San Diego–Tijuana,San Diego,Tijuana,-1.0,1.2466608422434875,-1.2466608422434875,1.2466608422434875,False,0.5384615384615384,0.46153846153846156,,,,
b,pair_factor_segment_contribution,,,,,,,,,,,,,,,,,,,,,,,,,B,Revenue frictions,Non-residential,El Paso–Juarez,El Paso,Juarez,-1.0,-0.16875702662152722,0.16875702662152722,0.16875702662152722,True,0.5384615384615384,0.46153846153846156,,,,
b,pair_factor_segment_contribution,,,,,,,,,,,,,,,,,,,,,,,,,B,Revenue frictions,Non-residential,Hong Kong–Shenzhen,Hong Kong,Shenzhen,1.0,-1.210452137173381,-1.210452137173381,1.210452137173381,False,0.5384615384615384,0.46153846153846156,,,,
b,pair_factor_segment_contribution,,,,,,,,,,,,,,,,,,,,,,,,,B,Revenue frictions,Non-residential,Monaco–Nice,Monaco,Nice,0.0,-0.46957211779869296,-0.0,0.0,False,0.5384615384615384,0.46153846153846156,,,,
b,pair_factor_segment_contribution,,,,,,,,,,,,,,,,,,,,,,,,,C,Revenue frictions,Residential,Vienna–Bratislava,Vienna,Bratislava,0.0,1.0792269536554384,0.0,0.0,False,0.7142857142857143,0.2857142857142857,,,,
b,pair_factor_segment_contribution,,,,,,,,,,,,,,,,,,,,,,,,,C,Revenue frictions,Residential,Singapore–Johor Bahru,Singapore,Johor Bahru,1.0,3.788547766916259,3.788547766916259,3.788547766916259,True,0.7142857142857143,0.2857142857142857,,,,
b,pair_factor_segment_contribution,,,,,,,,,,,,,,,,,,,,,,,,,C,Revenue frictions,Residential,San Diego–Tijuana,San Diego,Tijuana,-1.0,2.4329249435212477,-2.4329249435212477,2.4329249435212477,False,0.7142857142857143,0.2857142857142857,,,,
b,pair_factor_segment_contribution,,,,,,,,,,,,,,,,,,,,,,,,,C,Revenue frictions,Residential,El Paso–Juarez,El Paso,Juarez,-1.0,-0.6248247172822836,0.6248247172822836,0.6248247172822836,True,0.7142857142857143,0.2857142857142857,,,,
b,pair_factor_segment_contribution,,,,,,,,,,,,,,,,,,,,,,,,,C,Revenue frictions,Residential,Hong Kong–Shenzhen,Hong Kong,Shenzhen,2.0,0.4184463739471992,0.8368927478943984,0.8368927478943984,True,0.7142857142857143,0.2857142857142857,,,,
b,pair_factor_segment_contribution,,,,,,,,,,,,,,,,,,,,,,,,,C,Revenue frictions,Residential,Monaco–Nice,Monaco,Nice,1.0,0.7735959541807056,0.7735959541807056,0.7735959541807056,True,0.7142857142857143,0.2857142857142857,,,,
b,pair_factor_segment_contribution,,,,,,,,,,,,,,,,,,,,,,,,,C,Revenue frictions,Non-residential,Vienna–Bratislava,Vienna,Bratislava,0.0,2.9819477040603384,0.0,0.0,False,0.7142857142857143,0.2857142857142857,,,,
b,pair_factor_segment_contribution,,,,,,,,,,,,,,,,,,,,,,,,,C,Revenue frictions,Non-residential,Singapore–Johor Bahru,Singapore,Johor Bahru,1.0,6.825740766127952,6.825740766127952,6.825740766127952,True,0.7142857142857143,0.2857142857142857,,,,
b,pair_factor_segment_contribution,,,,,,,,,,,,,,,,,,,,,,,,,C,Revenue frictions,Non-residential,San Diego–Tijuana,San Diego,Tijuana,-1.0,1.2466608422434875,-1.2466608422434875,1.2466608422434875,False,0.7142857142857143,0.2857142857142857,,,,
b,pair_factor_segment_contribution,,,,,,,,,,,,,,,,,,,,,,,,,C,Revenue frictions,Non-residential,El Paso–Juarez,El Paso,Juarez,-1.0,-0.16875702662152722,0.16875702662152722,0.16875702662152722,True,0.7142857142857143,0.2857142857142857,,,,
b,pair_factor_segment_contribution,,,,,,,,,,,,,,,,,,,,,,,,,C,Revenue frictions,Non-residential,Hong Kong–Shenzhen,Hong Kong,Shenzhen,2.0,-1.210452137173381,-2.420904274346762,2.420904274346762,False,0.7142857142857143,0.2857142857142857,,,,
b,pair_factor_segment_contribution,,,,,,,,,,,,,,,,,,,,,,,,,C,Revenue frictions,Non-residential,Monaco–Nice,Monaco,Nice,1.0,-0.46957211779869296,-0.46957211779869296,0.46957211779869296,False,0.7142857142857143,0.2857142857142857,,,,
b,pair_factor_segment_contribution,,,,,,,,,,,,,,,,,,,,,,,,,D,Revenue frictions,Residential,Vienna–Bratislava,Vienna,Bratislava,0.0,1.0792269536554384,0.0,0.0,False,0.75,0.25,,,,
b,pair_factor_segment_contribution,,,,,,,,,,,,,,,,,,,,,,,,,D,Revenue frictions,Residential,Singapore–Johor Bahru,Singapore,Johor Bahru,2.0,3.788547766916259,7.577095533832518,7.577095533832518,True,0.75,0.25,,,,
b,pair_factor_segment_contribution,,,,,,,,,,,,,,,,,,,,,,,,,D,Revenue frictions,Residential,San Diego–Tijuana,San Diego,Tijuana,0.0,2.4329249435212477,0.0,0.0,False,0.75,0.25,,,,
b,pair_factor_segment_contribution,,,,,,,,,,,,,,,,,,,,,,,,,D,Revenue frictions,Residential,El Paso–Juarez,El Paso,Juarez,0.0,-0.6248247172822836,-0.0,0.0,False,0.75,0.25,,,,
b,pair_factor_segment_contribution,,,,,,,,,,,,,,,,,,,,,,,,,D,Revenue frictions,Residential,Hong Kong–Shenzhen,Hong Kong,Shenzhen,2.0,0.4184463739471992,0.8368927478943984,0.8368927478943984,True,0.75,0.25,,,,
b,pair_factor_segment_contribution,,,,,,,,,,,,,,,,,,,,,,,,,D,Revenue frictions,Residential,Monaco–Nice,Monaco,Nice,2.0,0.7735959541807056,1.5471919083614112,1.5471919083614112,True,0.75,0.25,,,,
b,pair_factor_segment_contribution,,,,,,,,,,,,,,,,,,,,,,,,,D,Revenue frictions,Non-residential,Vienna–Bratislava,Vienna,Bratislava,0.0,2.9819477040603384,0.0,0.0,False,0.75,0.25,,,,
b,pair_factor_segment_contribution,,,,,,,,,,,,,,,,,,,,,,,,,D,Revenue frictions,Non-residential,Singapore–Johor Bahru,Singapore,Johor Bahru,2.0,6.825740766127952,13.651481532255904,13.651481532255904,True,0.75,0.25,,,,
b,pair_factor_segment_contribution,,,,,,,,,,,,,,,,,,,,,,,,,D,Revenue frictions,Non-residential,San Diego–Tijuana,San Diego,Tijuana,0.0,1.2466608422434875,0.0,0.0,False,0.75,0.25,,,,
b,pair_factor_segment_contribution,,,,,,,,,,,,,,,,,,,,,,,,,D,Revenue frictions,Non-residential,El Paso–Juarez,El Paso,Juarez,0.0,-0.16875702662152722,-0.0,0.0,False,0.75,0.25,,,,
b,pair_factor_segment_contribution,,,,,,,,,,,,,,,,,,,,,,,,,D,Revenue frictions,Non-residential,Hong Kong–Shenzhen,Hong Kong,Shenzhen,2.0,-1.210452137173381,-2.420904274346762,2.420904274346762,False,0.75,0.25,,,,
b,pair_factor_segment_contribution,,,,,,,,,,,,,,,,,,,,,,,,,D,Revenue frictions,Non-residential,Monaco–Nice,Monaco,Nice,2.0,-0.46957211779869296,-0.9391442355973859,0.9391442355973859,False,0.75,0.25,,,,
b,pair_factor_segment_contribution,,,,,,,,,,,,,,,,,,,,,,,,,E,Administrative frictions,Residential,Vienna–Bratislava,Vienna,Bratislava,2.0,1.0792269536554384,2.158453907310877,2.158453907310877,True,0.45454545454545453,0.5454545454545454,,,,
b,pair_factor_segment_contribution,,,,,,,,,,,,,,,,,,,,,,,,,E,Administrative frictions,Residential,Singapore–Johor Bahru,Singapore,Johor Bahru,1.0,3.788547766916259,3.788547766916259,3.788547766916259,True,0.45454545454545453,0.5454545454545454,,,,
b,pair_factor_segment_contribution,,,,,,,,,,,,,,,,,,,,,,,,,E,Administrative frictions,Residential,San Diego–Tijuana,San Diego,Tijuana,2.0,2.4329249435212477,4.865849887042495,4.865849887042495,True,0.45454545454545453,0.5454545454545454,,,,
b,pair_factor_segment_contribution,,,,,,,,,,,,,,,,,,,,,,,,,E,Administrative frictions,Residential,El Paso–Juarez,El Paso,Juarez,1.0,-0.6248247172822836,-0.6248247172822836,0.6248247172822836,False,0.45454545454545453,0.5454545454545454,,,,
b,pair_factor_segment_contribution,,,,,,,,,,,,,,,,,,,,,,,,,E,Administrative frictions,Residential,Hong Kong–Shenzhen,Hong Kong,Shenzhen,-1.0,0.4184463739471992,-0.4184463739471992,0.4184463739471992,False,0.45454545454545453,0.5454545454545454,,,,
b,pair_factor_segment_contribution,,,,,,,,,,,,,,,,,,,,,,,,,E,Administrative frictions,Residential,Monaco–Nice,Monaco,Nice,0.0,0.7735959541807056,0.0,0.0,False,0.45454545454545453,0.5454545454545454,,,,
b,pair_factor_segment_contribution,,,,,,,,,,,,,,,,,,,,,,,,,E,Administrative frictions,Non-residential,Vienna–Bratislava,Vienna,Bratislava,2.0,2.9819477040603384,5.963895408120677,5.963895408120677,True,0.45454545454545453,0.5454545454545454,,,,
b,pair_factor_segment_contribution,,,,,,,,,,,,,,,,,,,,,,,,,E,Administrative frictions,Non-residential,Singapore–Johor Bahru,Singapore,Johor Bahru,1.0,6.825740766127952,6.825740766127952,6.825740766127952,True,0.45454545454545453,0.5454545454545454,,,,
b,pair_factor_segment_contribution,,,,,,,,,,,,,,,,,,,,,,,,,E,Administrative frictions,Non-residential,San Diego–Tijuana,San Diego,Tijuana,2.0,1.2466608422434875,2.493321684486975,2.493321684486975,True,0.45454545454545453,0.5454545454545454,,,,
b,pair_factor_segment_contribution,,,,,,,,,,,,,,,,,,,,,,,,,E,Administrative frictions,Non-residential,El Paso–Juarez,El Paso,Juarez,1.0,-0.16875702662152722,-0.16875702662152722,0.16875702662152722,False,0.45454545454545453,0.5454545454545454,,,,
b,pair_factor_segment_contribution,,,,,,,,,,,,,,,,,,,,,,,,,E,Administrative frictions,Non-residential,Hong Kong–Shenzhen,Hong Kong,Shenzhen,-1.0,-1.210452137173381,1.210452137173381,1.210452137173381,True,0.45454545454545453,0.5454545454545454,,,,
b,pair_factor_segment_contribution,,,,,,,,,,,,,,,,,,,,,,,,,E,Administrative frictions,Non-residential,Monaco–Nice,Monaco,Nice,0.0,-0.46957211779869296,-0.0,0.0,False,0.45454545454545453,0.5454545454545454,,,,
b,pair_factor_segment_contribution,,,,,,,,,,,,,,,,,,,,,,,,,F,Administrative frictions,Residential,Vienna–Bratislava,Vienna,Bratislava,1.0,1.0792269536554384,1.0792269536554384,1.0792269536554384,True,0.4,0.6,,,,
b,pair_factor_segment_contribution,,,,,,,,,,,,,,,,,,,,,,,,,F,Administrative frictions,Residential,Singapore–Johor Bahru,Singapore,Johor Bahru,-1.0,3.788547766916259,-3.788547766916259,3.788547766916259,False,0.4,0.6,,,,
b,pair_factor_segment_contribution,,,,,,,,,,,,,,,,,,,,,,,,,F,Administrative frictions,Residential,San Diego–Tijuana,San Diego,Tijuana,1.0,2.4329249435212477,2.4329249435212477,2.4329249435212477,True,0.4,0.6,,,,
b,pair_factor_segment_contribution,,,,,,,,,,,,,,,,,,,,,,,,,F,Administrative frictions,Residential,El Paso–Juarez,El Paso,Juarez,0.0,-0.6248247172822836,-0.0,0.0,False,0.4,0.6,,,,
b,pair_factor_segment_contribution,,,,,,,,,,,,,,,,,,,,,,,,,F,Administrative frictions,Residential,Hong Kong–Shenzhen,Hong Kong,Shenzhen,-1.0,0.4184463739471992,-0.4184463739471992,0.4184463739471992,False,0.4,0.6,,,,
b,pair_factor_segment_contribution,,,,,,,,,,,,,,,,,,,,,,,,,F,Administrative frictions,Residential,Monaco–Nice,Monaco,Nice,0.0,0.7735959541807056,0.0,0.0,False,0.4,0.6,,,,
b,pair_factor_segment_contribution,,,,,,,,,,,,,,,,,,,,,,,,,F,Administrative frictions,Non-residential,Vienna–Bratislava,Vienna,Bratislava,1.0,2.9819477040603384,2.9819477040603384,2.9819477040603384,True,0.4,0.6,,,,
b,pair_factor_segment_contribution,,,,,,,,,,,,,,,,,,,,,,,,,F,Administrative frictions,Non-residential,Singapore–Johor Bahru,Singapore,Johor Bahru,-1.0,6.825740766127952,-6.825740766127952,6.825740766127952,False,0.4,0.6,,,,
b,pair_factor_segment_contribution,,,,,,,,,,,,,,,,,,,,,,,,,F,Administrative frictions,Non-residential,San Diego–Tijuana,San Diego,Tijuana,1.0,1.2466608422434875,1.2466608422434875,1.2466608422434875,True,0.4,0.6,,,,
b,pair_factor_segment_contribution,,,,,,,,,,,,,,,,,,,,,,,,,F,Administrative frictions,Non-residential,El Paso–Juarez,El Paso,Juarez,0.0,-0.16875702662152722,-0.0,0.0,False,0.4,0.6,,,,
b,pair_factor_segment_contribution,,,,,,,,,,,,,,,,,,,,,,,,,F,Administrative frictions,Non-residential,Hong Kong–Shenzhen,Hong Kong,Shenzhen,-1.0,-1.210452137173381,1.210452137173381,1.210452137173381,True,0.4,0.6,,,,
b,pair_factor_segment_contribution,,,,,,,,,,,,,,,,,,,,,,,,,F,Administrative frictions,Non-residential,Monaco–Nice,Monaco,Nice,0.0,-0.46957211779869296,-0.0,0.0,False,0.4,0.6,,,,
b,pair_factor_segment_contribution,,,,,,,,,,,,,,,,,,,,,,,,,G,Administrative frictions,Residential,Vienna–Bratislava,Vienna,Bratislava,-1.0,1.0792269536554384,-1.0792269536554384,1.0792269536554384,False,0.375,0.625,,,,
b,pair_factor_segment_contribution,,,,,,,,,,,,,,,,,,,,,,,,,G,Administrative frictions,Residential,Singapore–Johor Bahru,Singapore,Johor Bahru,2.0,3.788547766916259,7.577095533832518,7.577095533832518,True,0.375,0.625,,,,
b,pair_factor_segment_contribution,,,,,,,,,,,,,,,,,,,,,,,,,G,Administrative frictions,Residential,San Diego–Tijuana,San Diego,Tijuana,0.0,2.4329249435212477,0.0,0.0,False,0.375,0.625,,,,
b,pair_factor_segment_contribution,,,,,,,,,,,,,,,,,,,,,,,,,G,Administrative frictions,Residential,El Paso–Juarez,El Paso,Juarez,-1.0,-0.6248247172822836,0.6248247172822836,0.6248247172822836,True,0.375,0.625,,,,
b,pair_factor_segment_contribution,,,,,,,,,,,,,,,,,,,,,,,,,G,Administrative frictions,Residential,Hong Kong–Shenzhen,Hong Kong,Shenzhen,-1.0,0.4184463739471992,-0.4184463739471992,0.4184463739471992,False,0.375,0.625,,,,
b,pair_factor_segment_contribution,,,,,,,,,,,,,,,,,,,,,,,,,G,Administrative frictions,Residential,Monaco–Nice,Monaco,Nice,-1.0,0.7735959541807056,-0.7735959541807056,0.7735959541807056,False,0.375,0.625,,,,
b,pair_factor_segment_contribution,,,,,,,,,,,,,,,,,,,,,,,,,G,Administrative frictions,Non-residential,Vienna–Bratislava,Vienna,Bratislava,-1.0,2.9819477040603384,-2.9819477040603384,2.9819477040603384,False,0.375,0.625,,,,
b,pair_factor_segment_contribution,,,,,,,,,,,,,,,,,,,,,,,,,G,Administrative frictions,Non-residential,Singapore–Johor Bahru,Singapore,Johor Bahru,2.0,6.825740766127952,13.651481532255904,13.651481532255904,True,0.375,0.625,,,,
b,pair_factor_segment_contribution,,,,,,,,,,,,,,,,,,,,,,,,,G,Administrative frictions,Non-residential,San Diego–Tijuana,San Diego,Tijuana,0.0,1.2466608422434875,0.0,0.0,False,0.375,0.625,,,,
b,pair_factor_segment_contribution,,,,,,,,,,,,,,,,,,,,,,,,,G,Administrative frictions,Non-residential,El Paso–Juarez,El Paso,Juarez,-1.0,-0.16875702662152722,0.16875702662152722,0.16875702662152722,True,0.375,0.625,,,,
b,pair_factor_segment_contribution,,,,,,,,,,,,,,,,,,,,,,,,,G,Administrative frictions,Non-residential,Hong Kong–Shenzhen,Hong Kong,Shenzhen,-1.0,-1.210452137173381,1.210452137173381,1.210452137173381,True,0.375,0.625,,,,
b,pair_factor_segment_contribution,,,,,,,,,,,,,,,,,,,,,,,,,G,Administrative frictions,Non-residential,Monaco–Nice,Monaco,Nice,-1.0,-0.46957211779869296,0.46957211779869296,0.46957211779869296,True,0.375,0.625,,,,
b,pair_factor_segment_contribution,,,,,,,,,,,,,,,,,,,,,,,,,H,Administrative frictions,Residential,Vienna–Bratislava,Vienna,Bratislava,-1.0,1.0792269536554384,-1.0792269536554384,1.0792269536554384,False,0.4,0.6,,,,
b,pair_factor_segment_contribution,,,,,,,,,,,,,,,,,,,,,,,,,H,Administrative frictions,Residential,Singapore–Johor Bahru,Singapore,Johor Bahru,1.0,3.788547766916259,3.788547766916259,3.788547766916259,True,0.4,0.6,,,,
b,pair_factor_segment_contribution,,,,,,,,,,,,,,,,,,,,,,,,,H,Administrative frictions,Residential,San Diego–Tijuana,San Diego,Tijuana,1.0,2.4329249435212477,2.4329249435212477,2.4329249435212477,True,0.4,0.6,,,,
b,pair_factor_segment_contribution,,,,,,,,,,,,,,,,,,,,,,,,,H,Administrative frictions,Residential,El Paso–Juarez,El Paso,Juarez,0.0,-0.6248247172822836,-0.0,0.0,False,0.4,0.6,,,,
b,pair_factor_segment_contribution,,,,,,,,,,,,,,,,,,,,,,,,,H,Administrative frictions,Residential,Hong Kong–Shenzhen,Hong Kong,Shenzhen,-1.0,0.4184463739471992,-0.4184463739471992,0.4184463739471992,False,0.4,0.6,,,,
b,pair_factor_segment_contribution,,,,,,,,,,,,,,,,,,,,,,,,,H,Administrative frictions,Residential,Monaco–Nice,Monaco,Nice,0.0,0.7735959541807056,0.0,0.0,False,0.4,0.6,,,,
b,pair_factor_segment_contribution,,,,,,,,,,,,,,,,,,,,,,,,,H,Administrative frictions,Non-residential,Vienna–Bratislava,Vienna,Bratislava,-1.0,2.9819477040603384,-2.9819477040603384,2.9819477040603384,False,0.4,0.6,,,,
b,pair_factor_segment_contribution,,,,,,,,,,,,,,,,,,,,,,,,,H,Administrative frictions,Non-residential,Singapore–Johor Bahru,Singapore,Johor Bahru,1.0,6.825740766127952,6.825740766127952,6.825740766127952,True,0.4,0.6,,,,
b,pair_factor_segment_contribution,,,,,,,,,,,,,,,,,,,,,,,,,H,Administrative frictions,Non-residential,San Diego–Tijuana,San Diego,Tijuana,1.0,1.2466608422434875,1.2466608422434875,1.2466608422434875,True,0.4,0.6,,,,
b,pair_factor_segment_contribution,,,,,,,,,,,,,,,,,,,,,,,,,H,Administrative frictions,Non-residential,El Paso–Juarez,El Paso,Juarez,0.0,-0.16875702662152722,-0.0,0.0,False,0.4,0.6,,,,
b,pair_factor_segment_contribution,,,,,,,,,,,,,,,,,,,,,,,,,H,Administrative frictions,Non-residential,Hong Kong–Shenzhen,Hong Kong,Shenzhen,-1.0,-1.210452137173381,1.210452137173381,1.210452137173381,True,0.4,0.6,,,,
b,pair_factor_segment_contribution,,,,,,,,,,,,,,,,,,,,,,,,,H,Administrative frictions,Non-residential,Monaco–Nice,Monaco,Nice,0.0,-0.46957211779869296,-0.0,0.0,False,0.4,0.6,,,,
b,factor_segment_summary,,,,,,,,,,,,,,,,,,,,,,,,,A,Revenue frictions,,,,,,,,,,,,8.0,3.0,0.7272727272727273,0.2727272727272727
b,factor_segment_summary,,,,,,,,,,,,,,,,,,,,,,,,,B,Revenue frictions,,,,,,,,,,,,7.0,6.0,0.5384615384615384,0.46153846153846156
b,factor_segment_summary,,,,,,,,,,,,,,,,,,,,,,,,,C,Revenue frictions,,,,,,,,,,,,5.0,2.0,0.7142857142857143,0.2857142857142857
b,factor_segment_summary,,,,,,,,,,,,,,,,,,,,,,,,,D,Revenue frictions,,,,,,,,,,,,6.0,2.0,0.75,0.25
b,factor_segment_summary,,,,,,,,,,,,,,,,,,,,,,,,,E,Administrative frictions,,,,,,,,,,,,5.0,6.0,0.45454545454545453,0.5454545454545454
b,factor_segment_summary,,,,,,,,,,,,,,,,,,,,,,,,,F,Administrative frictions,,,,,,,,,,,,2.0,3.0,0.4,0.6
b,factor_segment_summary,,,,,,,,,,,,,,,,,,,,,,,,,G,Administrative frictions,,,,,,,,,,,,3.0,5.0,0.375,0.625
b,factor_segment_summary,,,,,,,,,,,,,,,,,,,,,,,,,H,Administrative frictions,,,,,,,,,,,,2.0,3.0,0.4,0.6
