panel,record_type,City,Net CAPEX ($),NPV ($),IRR (%),city_order,city,year,annual_cashflow_usd,discounted_cashflow_usd,cumulative_discounted_cashflow_usd,cumulative_cashflow_p2_5_usd,cumulative_cashflow_median_usd,cumulative_cashflow_p97_5_usd,blended_value_usd_per_kwh_p2_5,blended_value_usd_per_kwh_median,blended_value_usd_per_kwh_p97_5,lcoe_usd_per_kwh_p2_5,lcoe_usd_per_kwh_median,lcoe_usd_per_kwh_p97_5,electricity_rate_usd_per_kwh_p2_5,electricity_rate_usd_per_kwh_median,electricity_rate_usd_per_kwh_p97_5,export_rate_usd_per_kwh_p2_5,export_rate_usd_per_kwh_median,export_rate_usd_per_kwh_p97_5
a,central_standardized_5kw,Vienna,8800.0,10461.0,15.4,0.0,,,,,,,,,,,,,,,,,,,,
a,central_standardized_5kw,Bratislava,8550.0,4622.0,10.05,1.0,,,,,,,,,,,,,,,,,,,,
a,central_standardized_5kw,Singapore,5400.0,16603.0,29.8,2.0,,,,,,,,,,,,,,,,,,,,
a,central_standardized_5kw,Johor Bahru,4250.0,5833.0,16.85,3.0,,,,,,,,,,,,,,,,,,,,
a,central_standardized_5kw,San Diego,10400.0,10662.0,14.09,4.0,,,,,,,,,,,,,,,,,,,,
a,central_standardized_5kw,Tijuana,7200.0,2496.0,8.33,5.0,,,,,,,,,,,,,,,,,,,,
a,central_standardized_5kw,El Paso,9360.0,-1154.0,3.7,6.0,,,,,,,,,,,,,,,,,,,,
a,central_standardized_5kw,Ciudad Juarez,7200.0,4503.0,10.78,7.0,,,,,,,,,,,,,,,,,,,,
a,central_standardized_5kw,Hong Kong,10000.0,9393.0,13.39,8.0,,,,,,,,,,,,,,,,,,,,
a,central_standardized_5kw,Shenzhen,2550.0,5642.0,23.31,9.0,,,,,,,,,,,,,,,,,,,,
a,central_standardized_5kw,Monaco,10400.0,9088.0,12.86,10.0,,,,,,,,,,,,,,,,,,,,
a,central_standardized_5kw,Nice,8800.0,9375.0,14.42,11.0,,,,,,,,,,,,,,,,,,,,
b,central_and_propagated_uncertainty_summary,,,,,,Vienna,0.0,,,-8800.0,-10687.893424144955,-8828.194471523615,-7006.974677567001,,,,,,,,,,,,
b,central_and_propagated_uncertainty_summary,,,,,,Vienna,1.0,1437.9,1369.428571428571,-7430.571428571428,-9375.876957527553,-7443.801350331488,-5681.881919770797,,,,,,,,,,,,
b,central_and_propagated_uncertainty_summary,,,,,,Vienna,2.0,1430.1605,1297.1977324263037,-6133.373696145125,-8211.958350152621,-6112.291553740741,-4294.4773062344775,,,,,,,,,,,,
b,central_and_propagated_uncertainty_summary,,,,,,Vienna,3.0,1422.4596975,1228.7741690962098,-4904.599527048915,-7059.023796671344,-4879.494543830608,-2998.629582500283,,,,,,,,,,,,
b,central_and_propagated_uncertainty_summary,,,,,,Vienna,4.0,1414.7973990125,1163.957321496701,-3740.6422055522135,-5995.640247825787,-3723.6282690358375,-1781.798515243563,,,,,,,,,,,,
b,central_and_propagated_uncertainty_summary,,,,,,Vienna,5.0,1407.1734120174376,1102.557189074364,-2638.0850164778494,-4993.987366470737,-2625.7105603089567,-467.2274590686292,,,,,,,,,,,,
b,central_and_propagated_uncertainty_summary,,,,,,Vienna,6.0,1399.5875449573502,1044.3937749880326,-1593.6912414898168,-4095.23101845946,-1571.9085889833368,766.2155573636595,,,,,,,,,,,,
b,central_and_propagated_uncertainty_summary,,,,,,Vienna,7.0,1392.0396072325634,989.29655966185,-604.3946818279669,-3298.209844287841,-577.5217221851653,1886.538283579921,,,,,,,,,,,,
b,central_and_propagated_uncertainty_summary,,,,,,Vienna,8.0,1384.5294091964006,937.1040020304466,332.7093202024797,-2555.697258747807,366.1387631050584,3003.8875161007227,,,,,,,,,,,,
b,central_and_propagated_uncertainty_summary,,,,,,Vienna,9.0,1377.0567621504183,887.66306702017,1220.3723872226496,-1814.3950185121105,1229.5265938210214,4008.167191409495,,,,,,,,,,,,
b,central_and_propagated_uncertainty_summary,,,,,,Vienna,10.0,1369.6214783396665,840.828777886809,2061.2011651094585,-1111.1396431811118,2067.279493400496,5039.379340296148,,,,,,,,,,,,
b,central_and_propagated_uncertainty_summary,,,,,,Vienna,11.0,1362.2233709479683,796.4637921027881,2857.664957212247,-403.4522218912418,2858.714717142416,5994.959234997205,,,,,,,,,,,,
b,central_and_propagated_uncertainty_summary,,,,,,Vienna,12.0,1354.8622540932283,754.4379995555015,3612.102956767748,220.8928860182456,3626.4546663375504,6897.596929387552,,,,,,,,,,,,
b,central_and_propagated_uncertainty_summary,,,,,,Vienna,13.0,1347.5379428227625,714.6281418835489,4326.7310986512975,861.4200014278211,4335.804430820149,7757.381597265221,,,,,,,,,,,,
b,central_and_propagated_uncertainty_summary,,,,,,Vienna,14.0,1340.2502531086484,676.9174518393106,5003.648550490609,1429.2978342313277,5004.941809106237,8556.878316141547,,,,,,,,,,,,
b,central_and_propagated_uncertainty_summary,,,,,,Vienna,15.0,1332.9990018431054,641.19531162473,5644.843862115338,1970.893160444841,5645.6126188017,9327.830581678005,,,,,,,,,,,,
b,central_and_propagated_uncertainty_summary,,,,,,Vienna,16.0,1325.7840068338896,607.3569292025298,6252.200791317868,2452.2619864489434,6252.296052612961,10013.759544210536,,,,,,,,,,,,
b,central_and_propagated_uncertainty_summary,,,,,,Vienna,17.0,1318.6050867997203,575.3030316375447,6827.503822955412,2908.067933494978,6836.656683183595,10688.514704105675,,,,,,,,,,,,
b,central_and_propagated_uncertainty_summary,,,,,,Vienna,18.0,1311.4620613657216,544.9395745725438,7372.443397527956,3339.6665962619613,7386.360341222549,11327.469300929628,,,,,,,,,,,,
b,central_and_propagated_uncertainty_summary,,,,,,Vienna,19.0,1304.354751058893,516.1774669900037,7888.620864517959,3748.341772244122,7926.385197031579,11949.359379382113,,,,,,,,,,,,
b,central_and_propagated_uncertainty_summary,,,,,,Vienna,20.0,1297.2829773035985,488.93231045589954,8377.553174973858,4141.209288838666,8415.133290843343,12576.83087684052,,,,,,,,,,,,
b,central_and_propagated_uncertainty_summary,,,,,,Vienna,21.0,1290.2465624170804,463.1241520838475,8840.677327057705,4545.080792250509,8872.336281184298,13166.38584190753,,,,,,,,,,,,
b,central_and_propagated_uncertainty_summary,,,,,,Vienna,22.0,1283.245329604995,438.6772504979768,9279.35457755568,4927.545668271231,9299.537451299471,13695.78522621856,,,,,,,,,,,,
b,central_and_propagated_uncertainty_summary,,,,,,Vienna,23.0,1276.2791029569703,415.519854110847,9694.874431666529,5284.770401190218,9702.667196511447,14182.289708739208,,,,,,,,,,,,
b,central_and_propagated_uncertainty_summary,,,,,,Vienna,24.0,1269.3477074421853,393.58399106867097,10088.4584227352,5597.217869402982,10092.511903661103,14650.153480906663,,,,,,,,,,,,
b,central_and_propagated_uncertainty_summary,,,,,,Vienna,25.0,1262.4509689049744,372.8052702501639,10461.263692985363,5893.088012912013,10443.89095399429,15092.748109276015,,,,,,,,,,,,
b,central_and_propagated_uncertainty_summary,,,,,,Bratislava,0.0,,,-8550.0,-10487.711717538485,-8521.082751521692,-6815.425948921306,,,,,,,,,,,,
b,central_and_propagated_uncertainty_summary,,,,,,Bratislava,1.0,984.275,937.404761904762,-7612.5952380952385,-9577.004472512212,-7565.836387394051,-5832.00879431977,,,,,,,,,,,,
b,central_and_propagated_uncertainty_summary,,,,,,Bratislava,2.0,978.878625,887.871768707483,-6724.723469387755,-8733.878387499022,-6666.704626468095,-4882.27425266469,,,,,,,,,,,,
b,central_and_propagated_uncertainty_summary,,,,,,Bratislava,3.0,973.509231875,840.9538770111219,-5883.769592376633,-7959.281613025399,-5829.405766665473,-3978.685049201425,,,,,,,,,,,,
b,central_and_propagated_uncertainty_summary,,,,,,Bratislava,4.0,968.1666857156252,796.5131283492989,-5087.256464027334,-7175.026963167737,-5031.808692185514,-3044.2933629240256,,,,,,,,,,,,
b,central_and_propagated_uncertainty_summary,,,,,,Bratislava,5.0,962.850852287047,754.4188371733583,-4332.837626853976,-6519.737273937307,-4292.20393520146,-2177.221330215793,,,,,,,,,,,,
b,central_and_propagated_uncertainty_summary,,,,,,Bratislava,6.0,957.5615980256116,714.5472076746845,-3618.2904191792913,-5924.021897320748,-3605.5756063903664,-1364.4348038576006,,,,,,,,,,,,
b,central_and_propagated_uncertainty_summary,,,,,,Bratislava,7.0,952.2987900354836,676.7809707837225,-2941.509448395569,-5331.729405385532,-2935.582998722768,-611.7835565727216,,,,,,,,,,,,
b,central_and_propagated_uncertainty_summary,,,,,,Bratislava,8.0,947.062296085306,641.009040283802,-2300.500408111767,-4770.771101649877,-2288.2504171439878,91.01656215718376,,,,,,,,,,,,
b,central_and_propagated_uncertainty_summary,,,,,,Bratislava,9.0,941.8519846048796,607.1261870337328,-1693.374221078034,-4254.547529207003,-1684.0378701810728,724.0509067754698,,,,,,,,,,,,
b,central_and_propagated_uncertainty_summary,,,,,,Bratislava,10.0,936.6677246818552,575.0327303460577,-1118.341490731976,-3846.036457854993,-1117.6627129910207,1394.503861298835,,,,,,,,,,,,
b,central_and_propagated_uncertainty_summary,,,,,,Bratislava,11.0,931.509386058446,544.6342456179958,-573.7072451139803,-3395.6670269917795,-566.5640386361779,2014.9343583920115,,,,,,,,,,,,
b,central_and_propagated_uncertainty_summary,,,,,,Bratislava,12.0,926.3768391281536,515.8412873596092,-57.86595775437115,-2948.227210901187,-53.8226638070073,2621.9337103728144,,,,,,,,,,,,
b,central_and_propagated_uncertainty_summary,,,,,,Bratislava,13.0,921.269954932513,488.56912680873984,430.7031690543687,-2513.484883612369,430.4721508198181,3238.338281731924,,,,,,,,,,,,
b,central_and_propagated_uncertainty_summary,,,,,,Bratislava,14.0,916.1886051578504,462.7375033648949,893.4406724192636,-2168.008000270624,901.2422258045248,3787.7265584665943,,,,,,,,,,,,
b,central_and_propagated_uncertainty_summary,,,,,,Bratislava,15.0,911.1326621320612,438.2703891146643,1331.711061533928,-1783.1850427945028,1348.3194995973922,4301.253509223471,,,,,,,,,,,,
b,central_and_propagated_uncertainty_summary,,,,,,Bratislava,16.0,906.1019988214008,415.09576575952167,1746.8068272934495,-1409.364687919834,1759.7853017390294,4793.767104772303,,,,,,,,,,,,
b,central_and_propagated_uncertainty_summary,,,,,,Bratislava,17.0,901.0964888272938,393.145413293122,2139.952240586572,-1055.3499563676296,2144.8056687372136,5249.066654952577,,,,,,,,,,,,
b,central_and_propagated_uncertainty_summary,,,,,,Bratislava,18.0,896.1160063831574,372.35470980956313,2512.306950396135,-719.798990934938,2528.816495375254,5667.846878775193,,,,,,,,,,,,
b,central_and_propagated_uncertainty_summary,,,,,,Bratislava,19.0,891.1604263512415,352.6624418566221,2864.969392252757,-407.0137788986621,2887.7460502086224,6099.037203043851,,,,,,,,,,,,
b,central_and_propagated_uncertainty_summary,,,,,,Bratislava,20.0,886.2296242194852,334.01062477881527,3198.9800170315725,-160.3111068964727,3232.7702378656004,6513.204965784881,,,,,,,,,,,,
b,central_and_propagated_uncertainty_summary,,,,,,Bratislava,21.0,881.3234760983879,316.3443325243396,3515.324349555912,104.89793248633308,3542.446303984579,6905.481522723033,,,,,,,,,,,,
b,central_and_propagated_uncertainty_summary,,,,,,Bratislava,22.0,876.4418587178959,299.6115364176318,3814.935885973544,348.53712511679305,3838.354315702882,7277.022922921552,,,,,,,,,,,,
b,central_and_propagated_uncertainty_summary,,,,,,Bratislava,23.0,871.5846494243066,283.7629524255024,4098.698838399047,586.5713008148427,4125.681345162699,7628.924214452062,,,,,,,,,,,,
b,central_and_propagated_uncertainty_summary,,,,,,Bratislava,24.0,866.751726177185,268.7518964696394,4367.450734868686,821.1449930006561,4396.073759887211,7961.91623246539,,,,,,,,,,,,
b,central_and_propagated_uncertainty_summary,,,,,,Bratislava,25.0,861.9429675462991,254.5341473618161,4621.984882230502,1043.2406141919064,4660.935580487135,8277.300990859147,,,,,,,,,,,,
b,central_and_propagated_uncertainty_summary,,,,,,Singapore,0.0,,,-5400.0,-6555.162230531352,-5378.192626091864,-4358.92050307313,,,,,,,,,,,,
b,central_and_propagated_uncertainty_summary,,,,,,Singapore,1.0,1639.4,1561.3333333333333,-3838.666666666667,-5063.312994441108,-3813.4756947448286,-2728.082182321478,,,,,,,,,,,,
b,central_and_propagated_uncertainty_summary,,,,,,Singapore,2.0,1630.903,1479.277097505669,-2359.389569160998,-3728.5770192888936,-2336.143693226034,-1148.466981229819,,,,,,,,,,,,
b,central_and_propagated_uncertainty_summary,,,,,,Singapore,3.0,1622.448485,1401.5320030234316,-957.8575661375662,-2496.348669549891,-955.0095808664578,425.73473621699657,,,,,,,,,,,,
b,central_and_propagated_uncertainty_summary,,,,,,Singapore,4.0,1614.0362425750002,1327.8716111702429,370.0140450326765,-1405.0814792653478,340.5691321245522,1933.4206218071831,,,,,,,,,,,,
b,central_and_propagated_uncertainty_summary,,,,,,Singapore,5.0,1605.6660613621248,1258.0813736875748,1628.0954187202512,-356.74472017197746,1616.9800917133252,3412.806093988582,,,,,,,,,,,,
b,central_and_propagated_uncertainty_summary,,,,,,Singapore,6.0,1597.3377310553144,1191.958008542092,2820.053427262343,644.5620583083468,2783.5609296367265,4760.394305893257,,,,,,,,,,,,
b,central_and_propagated_uncertainty_summary,,,,,,Singapore,7.0,1589.0510424000377,1129.3089084575147,3949.3623357198576,1526.3439275459696,3915.8290784269007,6111.47644643535,,,,,,,,,,,,
b,central_and_propagated_uncertainty_summary,,,,,,Singapore,8.0,1580.8057871880376,1069.9515804916075,5019.313916211466,2376.764525862824,4984.920799780772,7392.035881508504,,,,,,,,,,,,
b,central_and_propagated_uncertainty_summary,,,,,,Singapore,9.0,1572.6017582520974,1013.7131150290868,6033.027031240553,3181.336349937692,5985.747002753697,8605.342130492309,,,,,,,,,,,,
b,central_and_propagated_uncertainty_summary,,,,,,Singapore,10.0,1564.4387494608368,960.4296826467388,6993.456713887292,3941.9027991589055,6923.091661362379,9758.861069019593,,,,,,,,,,,,
b,central_and_propagated_uncertainty_summary,,,,,,Singapore,11.0,1556.3165557135326,909.9460573880408,7903.402771275332,4634.584564951548,7819.093865662714,10844.134421674287,,,,,,,,,,,,
b,central_and_propagated_uncertainty_summary,,,,,,Singapore,12.0,1548.2349729349648,862.1151650613091,8765.51793633664,5341.005919064452,8666.214503768688,11881.814651737875,,,,,,,,,,,,
b,central_and_propagated_uncertainty_summary,,,,,,Singapore,13.0,1540.19379807029,816.7976552481422,9582.315591584782,5973.483388337136,9468.357266682411,12861.44658924023,,,,,,,,,,,,
b,central_and_propagated_uncertainty_summary,,,,,,Singapore,14.0,1532.1928290799387,773.861495777817,10356.1770873626,6592.749103686345,10233.710310909204,13788.036692130405,,,,,,,,,,,,
b,central_and_propagated_uncertainty_summary,,,,,,Singapore,15.0,1524.231864934539,733.1815884885993,11089.3586758512,7176.443746156219,10975.90747677246,14658.163853833248,,,,,,,,,,,,
b,central_and_propagated_uncertainty_summary,,,,,,Singapore,16.0,1516.3107056098663,694.6394051587896,11783.99808100999,7716.857136797442,11656.629734287966,15489.8434742359,,,,,,,,,,,,
b,central_and_propagated_uncertainty_summary,,,,,,Singapore,17.0,1508.429152081817,658.1226425489506,12442.12072355894,8262.78445210362,12302.790106143751,16277.839622106643,,,,,,,,,,,,
b,central_and_propagated_uncertainty_summary,,,,,,Singapore,18.0,1500.587006321408,623.5248955523073,13065.645619111248,8779.818774924892,12917.93675728819,17024.446160384745,,,,,,,,,,,,
b,central_and_propagated_uncertainty_summary,,,,,,Singapore,19.0,1492.7840712898007,590.7453475029384,13656.390966614186,9244.813763448852,13506.102932781445,17731.836526758136,,,,,,,,,,,,
b,central_and_propagated_uncertainty_summary,,,,,,Singapore,20.0,1485.0201509333515,559.688476741256,14216.079443355442,9679.009697092924,14061.056691450653,18402.070054534957,,,,,,,,,,,,
b,central_and_propagated_uncertainty_summary,,,,,,Singapore,21.0,1477.2950501786852,530.2637785835121,14746.343221938954,10099.445192431223,14584.607860832712,19037.0979618084,,,,,,,,,,,,
b,central_and_propagated_uncertainty_summary,,,,,,Singapore,22.0,1469.6085749277916,502.3855018868593,15248.728723825814,10498.12356070361,15082.751396832902,19648.68650345681,,,,,,,,,,,,
b,central_and_propagated_uncertainty_summary,,,,,,Singapore,23.0,1461.9605320531523,475.9723994439038,15724.70112326972,10875.811757914948,15553.62520934884,20222.589304614263,,,,,,,,,,,,
b,central_and_propagated_uncertainty_summary,,,,,,Singapore,24.0,1454.3507293928867,450.94749148090017,16175.648614750618,11233.61436533212,16007.070543705811,20753.40271149612,,,,,,,,,,,,
b,central_and_propagated_uncertainty_summary,,,,,,Singapore,25.0,1446.7789757459225,427.2378415718199,16602.886456322438,11572.577862531063,16428.73853858746,21260.703292984395,,,,,,,,,,,,
b,central_and_propagated_uncertainty_summary,,,,,,Johor Bahru,0.0,,,-4250.0,-5211.494151292578,-4215.521237588438,-3379.8265779847125,,,,,,,,,,,,
b,central_and_propagated_uncertainty_summary,,,,,,Johor Bahru,1.0,752.3575,716.5309523809523,-3533.469047619048,-4481.281845883224,-3491.244627989141,-2643.4083341352407,,,,,,,,,,,,
b,central_and_propagated_uncertainty_summary,,,,,,Johor Bahru,2.0,748.3457124999999,678.7716213151926,-2854.697426303855,-3811.4170329755098,-2819.232497578251,-1892.6512505860865,,,,,,,,,,,,
b,central_and_propagated_uncertainty_summary,,,,,,Johor Bahru,3.0,744.3539839375,643.0009579419068,-2211.696468361948,-3240.616363742166,-2176.369417054229,-1199.3451549322342,,,,,,,,,,,,
b,central_and_propagated_uncertainty_summary,,,,,,Johor Bahru,4.0,740.3822140178124,609.114279764347,-1602.582188597601,-2669.3984005243574,-1564.0695054885553,-539.0775613739378,,,,,,,,,,,,
b,central_and_propagated_uncertainty_summary,,,,,,Johor Bahru,5.0,736.4303029477232,577.0124121398353,-1025.5697764577658,-2173.7700184465352,-996.4913486660752,131.64083586815175,,,,,,,,,,,,
b,central_and_propagated_uncertainty_summary,,,,,,Johor Bahru,6.0,732.4981514329847,546.6013986071611,-478.9683778506047,-1694.495851232591,-437.6313415292952,741.7825610759554,,,,,,,,,,,,
b,central_and_propagated_uncertainty_summary,,,,,,Johor Bahru,7.0,728.5856606758198,517.7922264428248,38.82384859222009,-1261.3516230308903,75.39181489637508,1350.7350365019963,,,,,,,,,,,,
b,central_and_propagated_uncertainty_summary,,,,,,Johor Bahru,8.0,724.6927323724407,490.5005666457888,529.3244152380089,-841.0833136141011,560.5548480523771,1910.380266565192,,,,,,,,,,,,
b,central_and_propagated_uncertainty_summary,,,,,,Johor Bahru,9.0,720.8192687105785,464.6465275924311,993.97094283044,-430.5654940243946,1032.1178149785644,2432.076160438501,,,,,,,,,,,,
b,central_and_propagated_uncertainty_summary,,,,,,Johor Bahru,10.0,716.9651723670255,440.1544216432518,1434.1253644736917,-35.12231176861549,1474.4707215387166,2949.999583678773,,,,,,,,,,,,
b,central_and_propagated_uncertainty_summary,,,,,,Johor Bahru,11.0,713.1303465051905,416.9525440206194,1851.077908494311,331.1846727769777,1883.8080385756248,3434.825458010703,,,,,,,,,,,,
b,central_and_propagated_uncertainty_summary,,,,,,Johor Bahru,12.0,709.3146947726644,394.972963312614,2246.050871806925,651.7548200557233,2280.373885333033,3928.0948333956167,,,,,,,,,,,,
b,central_and_propagated_uncertainty_summary,,,,,,Johor Bahru,13.0,705.5181212988012,374.151322991911,2620.202194798836,963.8429148605146,2655.7335364665832,4368.141812665274,,,,,,,,,,,,
b,central_and_propagated_uncertainty_summary,,,,,,Johor Bahru,14.0,701.7405306923072,354.42665337075243,2974.6288481695883,1252.2716857552068,2999.042628558387,4780.391576352504,,,,,,,,,,,,
b,central_and_propagated_uncertainty_summary,,,,,,Johor Bahru,15.0,697.9818280388457,335.741193443476,3310.370041613064,1517.0082394870349,3334.5346821357407,5173.380463359656,,,,,,,,,,,,
b,central_and_propagated_uncertainty_summary,,,,,,Johor Bahru,16.0,694.2419188986514,318.0402220968913,3628.4102637099554,1789.0898237755275,3642.958227605945,5543.750510879843,,,,,,,,,,,,
b,central_and_propagated_uncertainty_summary,,,,,,Johor Bahru,17.0,690.5207093041581,301.27189819610373,3929.6821619060593,2048.039667539637,3935.439534905122,5893.928125435302,,,,,,,,,,,,
b,central_and_propagated_uncertainty_summary,,,,,,Johor Bahru,18.0,686.8181057576373,285.38710907925764,4215.0692709853165,2273.794247723892,4213.995254046015,6226.170739223929,,,,,,,,,,,,
b,central_and_propagated_uncertainty_summary,,,,,,Johor Bahru,19.0,683.1340152288492,270.3393270191852,4485.408598004502,2499.276337289093,4482.307939210177,6541.481105077613,,,,,,,,,,,,
b,central_and_propagated_uncertainty_summary,,,,,,Johor Bahru,20.0,679.468345152705,256.0844732331763,4741.493071237678,2713.9153931684373,4732.180582948862,6839.518655586321,,,,,,,,,,,,
b,central_and_propagated_uncertainty_summary,,,,,,Johor Bahru,21.0,675.8210034269414,242.58078904408777,4984.0738602817655,2914.0971028520103,4972.879796823747,7121.863089204548,,,,,,,,,,,,
b,central_and_propagated_uncertainty_summary,,,,,,Johor Bahru,22.0,672.1918984098066,229.78871381686383,5213.862574098629,3086.055375971931,5200.938413976903,7389.340313300344,,,,,,,,,,,,
b,central_and_propagated_uncertainty_summary,,,,,,Johor Bahru,23.0,668.5809389177576,217.67076931429324,5431.5333434129225,3264.050073422152,5424.500426357926,7642.732788333937,,,,,,,,,,,,
b,central_and_propagated_uncertainty_summary,,,,,,Johor Bahru,24.0,664.9880342231688,206.1914501345453,5637.724793547468,3437.087469790654,5637.985039212254,7882.781812462097,,,,,,,,,,,,
b,central_and_propagated_uncertainty_summary,,,,,,Johor Bahru,25.0,661.413094052053,195.3171199107637,5833.041913458232,3601.295199521276,5834.044284936261,8110.189686053065,,,,,,,,,,,,
b,central_and_propagated_uncertainty_summary,,,,,,San Diego,0.0,,,-10400.0,-12618.811561059958,-10423.62420339594,-8288.238500847376,,,,,,,,,,,,
b,central_and_propagated_uncertainty_summary,,,,,,San Diego,1.0,1572.7999999999995,1497.9047619047617,-8902.095238095239,-11174.583442909749,-8946.380419631154,-6715.348343104887,,,,,,,,,,,,
b,central_and_propagated_uncertainty_summary,,,,,,San Diego,2.0,1564.2859999999998,1418.8535147392288,-7483.24172335601,-9865.195879540612,-7515.101091808091,-5177.996411748201,,,,,,,,,,,,
b,central_and_propagated_uncertainty_summary,,,,,,San Diego,3.0,1555.8145699999998,1343.9711219090807,-6139.2706014469295,-8634.568373768712,-6149.285584633211,-3674.165937885495,,,,,,,,,,,,
b,central_and_propagated_uncertainty_summary,,,,,,San Diego,4.0,1547.3854971499998,1273.037877962371,-4866.232723484558,-7464.75470183357,-4879.688937095315,-2215.5055684688014,,,,,,,,,,,,
b,central_and_propagated_uncertainty_summary,,,,,,San Diego,5.0,1538.9985696642498,1205.845649489471,-3660.387073995087,-6392.735941652842,-3659.199951580538,-830.2696079490097,,,,,,,,,,,,
b,central_and_propagated_uncertainty_summary,,,,,,San Diego,6.0,1530.6535768159283,1142.1972659369706,-2518.189808058117,-5381.753424296247,-2505.201013147025,597.9908602435344,,,,,,,,,,,,
b,central_and_propagated_uncertainty_summary,,,,,,San Diego,7.0,1522.350308931849,1081.9059424756877,-1436.2838655824291,-4490.038519712471,-1457.074338816517,1941.4414915742332,,,,,,,,,,,,
b,central_and_propagated_uncertainty_summary,,,,,,San Diego,8.0,1514.0885573871894,1024.7947332368803,-411.4891323455488,-3711.5482392741023,-430.004253144878,3298.040221922154,,,,,,,,,,,,
b,central_and_propagated_uncertainty_summary,,,,,,San Diego,9.0,1505.8681146002536,970.696013319407,559.2068809738582,-2885.640486827668,558.1075886805365,4449.093529204931,,,,,,,,,,,,
b,central_and_propagated_uncertainty_summary,,,,,,San Diego,10.0,1497.6887740272523,919.4509880545412,1478.6578690283995,-2186.8379462388907,1476.4057557110357,5539.464766204079,,,,,,,,,,,,
b,central_and_propagated_uncertainty_summary,,,,,,San Diego,11.0,1489.5503301571162,870.9092280947306,2349.56709712313,-1548.0216545009955,2362.912933035678,6554.715451342724,,,,,,,,,,,,
b,central_and_propagated_uncertainty_summary,,,,,,San Diego,12.0,1481.4525785063304,824.9282289679529,3174.495326091084,-932.1763205673228,3185.145101012313,7578.1761027141265,,,,,,,,,,,,
b,central_and_propagated_uncertainty_summary,,,,,,San Diego,13.0,1473.3953156137989,781.3729938107598,3955.8683199018433,-347.1654267718789,3963.1315840655343,8602.636424356528,,,,,,,,,,,,
b,central_and_propagated_uncertainty_summary,,,,,,San Diego,14.0,1465.3783390357298,740.115638060749,4695.983957962592,205.8340038332388,4686.311760124293,9556.042372564183,,,,,,,,,,,,
b,central_and_propagated_uncertainty_summary,,,,,,San Diego,15.0,1457.4014473405512,701.0350149533315,5397.018972915924,729.0870444028918,5368.56112860442,10440.906391454597,,,,,,,,,,,,
b,central_and_propagated_uncertainty_summary,,,,,,San Diego,16.0,1449.4644401038486,664.0163607283865,6061.03533364431,1234.3739445025649,6035.757122049572,11356.36663707456,,,,,,,,,,,,
b,central_and_propagated_uncertainty_summary,,,,,,San Diego,17.0,1441.5671179033293,628.9509585099526,6689.986292154263,1704.4285732611197,6638.693910160441,12112.71015295899,,,,,,,,,,,,
b,central_and_propagated_uncertainty_summary,,,,,,San Diego,18.0,1433.7092823138123,595.7358198766243,7285.722112030887,2149.5165371210974,7240.704760469678,12824.319111203473,,,,,,,,,,,,
b,central_and_propagated_uncertainty_summary,,,,,,San Diego,19.0,1425.8907359022433,564.2733831919784,7849.995495222865,2581.627880745432,7814.855294020659,13546.923720063509,,,,,,,,,,,,
b,central_and_propagated_uncertainty_summary,,,,,,San Diego,20.0,1418.111282222732,534.471227813293,8384.46672303616,3015.46817169249,8341.278982641914,14231.319481565291,,,,,,,,,,,,
b,central_and_propagated_uncertainty_summary,,,,,,San Diego,21.0,1410.3707258116185,506.2418033431992,8890.708526379358,3426.550136621457,8842.23218692184,14840.176615788056,,,,,,,,,,,,
b,central_and_propagated_uncertainty_summary,,,,,,San Diego,22.0,1402.6688721825603,479.5021731328252,9370.210699512185,3816.243543201204,9316.45405983347,15428.866831591637,,,,,,,,,,,,
b,central_and_propagated_uncertainty_summary,,,,,,San Diego,23.0,1395.0055278216475,454.1737712866236,9824.384470798806,4178.426308227755,9764.957874447242,16018.182378807673,,,,,,,,,,,,
b,central_and_propagated_uncertainty_summary,,,,,,San Diego,24.0,1387.3805001825394,430.18217245849775,10254.566643257303,4503.507123730307,10195.600421725176,16576.558169913696,,,,,,,,,,,,
b,central_and_propagated_uncertainty_summary,,,,,,San Diego,25.0,1379.7935976816268,407.45687376621095,10662.023517023514,4811.380663467003,10597.705515795096,17105.61823244375,,,,,,,,,,,,
b,central_and_propagated_uncertainty_summary,,,,,,Tijuana,0.0,,,-7200.0,-8772.484830881294,-7233.018037737407,-5730.2495601846695,,,,,,,,,,,,
b,central_and_propagated_uncertainty_summary,,,,,,Tijuana,1.0,725.035,690.5095238095238,-6509.490476190476,-8048.161378644045,-6536.8035934668505,-4986.169271413755,,,,,,,,,,,,
b,central_and_propagated_uncertainty_summary,,,,,,Tijuana,2.0,721.009825,653.9771655328798,-5855.513310657597,-7418.402276217658,-5866.1643241491975,-4293.057665450884,,,,,,,,,,,,
b,central_and_propagated_uncertainty_summary,,,,,,Tijuana,3.0,717.0047758750001,619.3756837274592,-5236.137626930137,-6851.30242037875,-5232.105966848407,-3591.4934756737152,,,,,,,,,,,,
b,central_and_propagated_uncertainty_summary,,,,,,Tijuana,4.0,713.019751995625,586.6031145422945,-4649.534512387842,-6310.887040906868,-4649.47875201639,-2927.258775934697,,,,,,,,,,,,
b,central_and_propagated_uncertainty_summary,,,,,,Tijuana,5.0,709.0546532356469,555.5628742663488,-4093.9716381214935,-5838.245828747567,-4105.700620982492,-2303.977893575942,,,,,,,,,,,,
b,central_and_propagated_uncertainty_summary,,,,,,Tijuana,6.0,705.1093799694686,526.1634756461234,-3567.80816247537,-5358.111682353246,-3569.839498648343,-1704.0639381103829,,,,,,,,,,,,
b,central_and_propagated_uncertainty_summary,,,,,,Tijuana,7.0,701.1838330696213,498.3182591516554,-3069.4899033237143,-4902.099826410518,-3076.0606848907646,-1140.777692153936,,,,,,,,,,,,
b,central_and_propagated_uncertainty_summary,,,,,,Tijuana,8.0,697.2779139042731,471.94513840366193,-2597.5447649200523,-4481.153169766215,-2608.9184168136417,-636.2911908408341,,,,,,,,,,,,
b,central_and_propagated_uncertainty_summary,,,,,,Tijuana,9.0,693.3915243347518,446.96635901603065,-2150.5784059040216,-4100.866985906149,-2163.703576691061,-102.06180477543556,,,,,,,,,,,,
b,central_and_propagated_uncertainty_summary,,,,,,Tijuana,10.0,689.524566713078,423.308270147108,-1727.2701357569135,-3763.139636711271,-1736.291855113673,376.24448041925865,,,,,,,,,,,,
b,central_and_propagated_uncertainty_summary,,,,,,Tijuana,11.0,685.6769438795127,400.9011080904344,-1326.369027666479,-3426.8972997675905,-1346.740276381987,809.9631197127871,,,,,,,,,,,,
b,central_and_propagated_uncertainty_summary,,,,,,Tijuana,12.0,681.8485591601151,379.67879127080727,-946.6902363956716,-3127.3566447321955,-980.1158638662832,1258.2825385903857,,,,,,,,,,,,
b,central_and_propagated_uncertainty_summary,,,,,,Tijuana,13.0,678.0393163643145,359.57872604493537,-587.1115103507364,-2816.42161915555,-627.3335567608024,1664.7888390961489,,,,,,,,,,,,
b,central_and_propagated_uncertainty_summary,,,,,,Tijuana,14.0,674.2491197824929,340.54162273757385,-246.5698876131625,-2548.2785432727514,-285.46206197166475,2049.5469151292486,,,,,,,,,,,,
b,central_and_propagated_uncertainty_summary,,,,,,Tijuana,15.0,670.4778741835804,322.5113213739883,75.94143376082582,-2280.2440074106307,42.84580211034654,2414.4221922372003,,,,,,,,,,,,
b,central_and_propagated_uncertainty_summary,,,,,,Tijuana,16.0,666.7254848126626,305.4346265979829,381.37606035880873,-2007.3118306892484,350.5093218345937,2759.929064587182,,,,,,,,,,,,
b,central_and_propagated_uncertainty_summary,,,,,,Tijuana,17.0,662.9918573885992,289.2611512916156,670.6372116504243,-1756.3537563372197,637.6745664549644,3094.5269471440943,,,,,,,,,,,,
b,central_and_propagated_uncertainty_summary,,,,,,Tijuana,18.0,659.2768981016562,273.94316843820303,944.5803800886274,-1555.7791301477569,906.0160583798784,3424.419386910524,,,,,,,,,,,,
b,central_and_propagated_uncertainty_summary,,,,,,Tijuana,19.0,655.5805136111479,259.4354707943476,1204.015850882975,-1353.3843964562916,1172.7852717498183,3737.681297489658,,,,,,,,,,,,
b,central_and_propagated_uncertainty_summary,,,,,,Tijuana,20.0,651.9026110430922,245.6952379595897,1449.7110888425648,-1150.2887435221396,1420.4553302695736,4034.1610498664168,,,,,,,,,,,,
b,central_and_propagated_uncertainty_summary,,,,,,Tijuana,21.0,648.2430979878767,232.68191045394528,1682.39299929651,-935.2558325529208,1660.1281706376185,4301.072495263196,,,,,,,,,,,,
b,central_and_propagated_uncertainty_summary,,,,,,Tijuana,22.0,644.6018824979374,220.35707043411352,1902.750069730624,-731.6408275262079,1877.6896453677357,4553.812189717674,,,,,,,,,,,,
b,central_and_propagated_uncertainty_summary,,,,,,Tijuana,23.0,640.9788730854476,208.6843286985793,2111.4343984292027,-542.8720288985381,2091.45279493395,4801.331396065019,,,,,,,,,,,,
b,central_and_propagated_uncertainty_summary,,,,,,Tijuana,24.0,637.3739787200204,197.62921765025496,2309.063616079457,-381.4839465816311,2291.4579617771337,5049.188584850922,,,,,,,,,,,,
b,central_and_propagated_uncertainty_summary,,,,,,Tijuana,25.0,633.7871088264203,187.15908990275287,2496.2227059822103,-228.66927644544813,2482.3269120248183,5283.960299530748,,,,,,,,,,,,
b,central_and_propagated_uncertainty_summary,,,,,,El Paso,0.0,,,-9360.0,-11442.255327506464,-9358.25420085814,-7356.774942972757,,,,,,,,,,,,
b,central_and_propagated_uncertainty_summary,,,,,,El Paso,1.0,615.9875,586.6547619047618,-8773.345238095239,-10930.943001741907,-8746.505221381562,-6742.226591891702,,,,,,,,,,,,
b,central_and_propagated_uncertainty_summary,,,,,,El Paso,2.0,612.3225625,555.3946145124717,-8217.950623582767,-10426.820033116135,-8176.623200143004,-6135.5333780435385,,,,,,,,,,,,
b,central_and_propagated_uncertainty_summary,,,,,,El Paso,3.0,608.6759496875,525.7971706619155,-7692.153452920851,-9940.37002171272,-7625.934320604148,-5524.007913381249,,,,,,,,,,,,
b,central_and_propagated_uncertainty_summary,,,,,,El Paso,4.0,605.0475699390626,497.77413315568094,-7194.37931976517,-9480.998945996333,-7138.6557131754,-4995.155141426974,,,,,,,,,,,,
b,central_and_propagated_uncertainty_summary,,,,,,El Paso,5.0,601.4373320893671,471.2418871829992,-6723.137432582171,-9041.275543762476,-6673.627637390386,-4442.910116877347,,,,,,,,,,,,
b,central_and_propagated_uncertainty_summary,,,,,,El Paso,6.0,597.8451454289203,446.121252323524,-6277.016180258646,-8636.09249847436,-6218.70920796174,-3960.450448581325,,,,,,,,,,,,
b,central_and_propagated_uncertainty_summary,,,,,,El Paso,7.0,594.2709197017758,422.33724767130855,-5854.678932587338,-8271.812704816188,-5808.87659559944,-3486.398163778196,,,,,,,,,,,,
b,central_and_propagated_uncertainty_summary,,,,,,El Paso,8.0,590.7145651032669,399.8188693855484,-5454.86006320179,-7931.482575476614,-5407.186370889807,-3025.3972522724134,,,,,,,,,,,,
b,central_and_propagated_uncertainty_summary,,,,,,El Paso,9.0,587.1759922777505,378.4988800112704,-5076.361183190519,-7619.063018546424,-5029.772324811369,-2610.3558076877825,,,,,,,,,,,,
b,central_and_propagated_uncertainty_summary,,,,,,El Paso,10.0,583.6551123163617,358.31360894783484,-4718.047574242684,-7350.201729832085,-4663.8598099691935,-2207.6178217765723,,,,,,,,,,,,
b,central_and_propagated_uncertainty_summary,,,,,,El Paso,11.0,580.1518367547799,339.2027634759755,-4378.844810766709,-7074.848914653691,-4326.082518217288,-1830.1508439684428,,,,,,,,,,,,
b,central_and_propagated_uncertainty_summary,,,,,,El Paso,12.0,576.666077571006,321.10924978521905,-4057.73556098149,-6833.109825561599,-4003.904586792414,-1460.518183302951,,,,,,,,,,,,
b,central_and_propagated_uncertainty_summary,,,,,,El Paso,13.0,573.1977471831509,303.9790034730086,-3753.756557508482,-6568.04222359877,-3705.733106928167,-1062.7288852946006,,,,,,,,,,,,
b,central_and_propagated_uncertainty_summary,,,,,,El Paso,14.0,569.7467584472353,287.76082901477724,-3465.995728493704,-6306.912782210074,-3411.670493370875,-686.4842388545154,,,,,,,,,,,,
b,central_and_propagated_uncertainty_summary,,,,,,El Paso,15.0,566.3130246549991,272.40624773066764,-3193.5894807630366,-6046.233837928571,-3138.648904996603,-362.3986550004844,,,,,,,,,,,,
b,central_and_propagated_uncertainty_summary,,,,,,El Paso,16.0,562.8964595317241,257.86935379964865,-2935.720126963388,-5835.224888809488,-2880.7252724493887,-10.376378340259125,,,,,,,,,,,,
b,central_and_propagated_uncertainty_summary,,,,,,El Paso,17.0,559.4969772340654,244.10667789550988,-2691.613449067878,-5652.265800098619,-2633.94851916027,317.6421218011295,,,,,,,,,,,,
b,central_and_propagated_uncertainty_summary,,,,,,El Paso,18.0,556.1144923478951,231.0770580416952,-2460.536391026182,-5468.542632677433,-2389.9709307253443,588.8162643788766,,,,,,,,,,,,
b,central_and_propagated_uncertainty_summary,,,,,,El Paso,19.0,552.7489198861556,218.74151730322785,-2241.794873722955,-5286.746186817823,-2162.487078236364,845.6040431573281,,,,,,,,,,,,
b,central_and_propagated_uncertainty_summary,,,,,,El Paso,20.0,549.4001752867248,207.06314795414949,-2034.7317257688053,-5145.387274018902,-1954.4055782453845,1112.7462514570443,,,,,,,,,,,,
b,central_and_propagated_uncertainty_summary,,,,,,El Paso,21.0,546.0681744102911,196.00700177799808,-1838.724723990808,-4978.554732916375,-1762.259622646042,1393.4452714347003,,,,,,,,,,,,
b,central_and_propagated_uncertainty_summary,,,,,,El Paso,22.0,542.7528335382398,185.53998617694583,-1653.1847378138616,-4817.703470098732,-1578.12154409422,1624.5520068672483,,,,,,,,,,,,
b,central_and_propagated_uncertainty_summary,,,,,,El Paso,23.0,539.4540693705485,175.63076578235757,-1477.553972031504,-4675.060798548789,-1398.9937193735996,1848.386405393556,,,,,,,,,,,,
b,central_and_propagated_uncertainty_summary,,,,,,El Paso,24.0,536.1717990236958,166.24966927576637,-1311.3043027557378,-4567.069185653752,-1229.0220643590155,2057.727911892599,,,,,,,,,,,,
b,central_and_propagated_uncertainty_summary,,,,,,El Paso,25.0,532.9059400285773,157.36860114464014,-1153.9357016110976,-4452.221568721447,-1089.1416627272074,2255.4032150612256,,,,,,,,,,,,
b,central_and_propagated_uncertainty_summary,,,,,,Ciudad Juarez,0.0,,,-7200.0,-8725.567532984178,-7174.90798701092,-5711.337790993077,,,,,,,,,,,,
b,central_and_propagated_uncertainty_summary,,,,,,Ciudad Juarez,1.0,874.2749999999999,832.642857142857,-6367.357142857143,-7896.864141040487,-6343.750113088863,-4853.230875166441,,,,,,,,,,,,
b,central_and_propagated_uncertainty_summary,,,,,,Ciudad Juarez,2.0,869.5036249999999,788.6654195011337,-5578.69172335601,-7158.12521912326,-5554.469075022529,-4039.311702717185,,,,,,,,,,,,
b,central_and_propagated_uncertainty_summary,,,,,,Ciudad Juarez,3.0,864.7561068749999,747.0088386783283,-4831.682884677682,-6519.734080192921,-4789.487017863143,-3279.75434083742,,,,,,,,,,,,
b,central_and_propagated_uncertainty_summary,,,,,,Ciudad Juarez,4.0,860.032326340625,707.5507232814515,-4124.13216139623,-5797.38383532515,-4094.7966976656544,-2554.7534111448085,,,,,,,,,,,,
b,central_and_propagated_uncertainty_summary,,,,,,Ciudad Juarez,5.0,855.3321647089217,670.1751320715498,-3453.95702932468,-5217.186706123413,-3444.033234388876,-1820.6023107314272,,,,,,,,,,,,
b,central_and_propagated_uncertainty_summary,,,,,,Ciudad Juarez,6.0,850.6555038853772,634.772234232957,-2819.184795091723,-4666.319753282978,-2822.7048210682374,-1088.9643378598728,,,,,,,,,,,,
b,central_and_propagated_uncertainty_summary,,,,,,Ciudad Juarez,7.0,846.0022263659504,601.2379875267976,-2217.9468075649256,-4101.958933958192,-2234.422913127812,-429.5302647903916,,,,,,,,,,,,
b,central_and_propagated_uncertainty_summary,,,,,,Ciudad Juarez,8.0,841.3722152341205,569.4738333877252,-1648.4729741772005,-3621.6635155208014,-1668.5374483691355,197.16277711674385,,,,,,,,,,,,
b,central_and_propagated_uncertainty_summary,,,,,,Ciudad Juarez,9.0,836.76535415795,539.3864080723573,-1109.0865661048429,-3162.7404339302307,-1122.9016715353064,827.1490184866777,,,,,,,,,,,,
b,central_and_propagated_uncertainty_summary,,,,,,Ciudad Juarez,10.0,832.1815273871601,510.88726901476986,-598.1992970900731,-2725.8738950122342,-601.3102250290817,1406.182961348096,,,,,,,,,,,,
b,central_and_propagated_uncertainty_summary,,,,,,Ciudad Juarez,11.0,827.6206197502243,483.8926355888377,-114.30666150123534,-2303.3021207300694,-111.39534036346912,1952.3533121270084,,,,,,,,,,,,
b,central_and_propagated_uncertainty_summary,,,,,,Ciudad Juarez,12.0,823.0825166514732,458.3231435192942,344.01648201805887,-1879.9040465359683,352.26307781723017,2469.169497803452,,,,,,,,,,,,
b,central_and_propagated_uncertainty_summary,,,,,,Ciudad Juarez,13.0,818.5671040682157,434.1036122232635,778.1200942413224,-1493.712862405648,792.4119955248852,2998.200150430823,,,,,,,,,,,,
b,central_and_propagated_uncertainty_summary,,,,,,Ciudad Juarez,14.0,814.0742685478748,411.1628244017991,1189.2829186431215,-1147.8048232345182,1215.76378164854,3465.061482464454,,,,,,,,,,,,
b,central_and_propagated_uncertainty_summary,,,,,,Ciudad Juarez,15.0,809.6038972051355,389.4333172367543,1578.7162358798755,-796.5961026905012,1607.9378698975142,3935.252244105952,,,,,,,,,,,,
b,central_and_propagated_uncertainty_summary,,,,,,Ciudad Juarez,16.0,805.1558777191098,368.85118458222297,1947.5674204620989,-504.56051565289306,1968.8609051012568,4379.540390612806,,,,,,,,,,,,
b,central_and_propagated_uncertainty_summary,,,,,,Ciudad Juarez,17.0,800.7300983305141,349.35588957191925,2296.923310034018,-219.7678310390547,2328.933017375139,4812.574809383997,,,,,,,,,,,,
b,central_and_propagated_uncertainty_summary,,,,,,Ciudad Juarez,18.0,796.3264478388616,330.89008709430027,2627.8133971283182,71.38011555590445,2651.2354248275665,5203.19232577337,,,,,,,,,,,,
b,central_and_propagated_uncertainty_summary,,,,,,Ciudad Juarez,19.0,791.9448155996673,313.3994556160779,2941.212852744396,347.2080934853556,2960.990996167189,5585.795908119984,,,,,,,,,,,,
b,central_and_propagated_uncertainty_summary,,,,,,Ciudad Juarez,20.0,787.5850915216689,296.8325378620865,3238.0453906064827,605.231451726088,3261.2706760019305,5935.42419122842,,,,,,,,,,,,
b,central_and_propagated_uncertainty_summary,,,,,,Ciudad Juarez,21.0,783.2471660640606,281.1405898853589,3519.1859804918417,820.0463544152265,3541.943658450677,6274.804322189295,,,,,,,,,,,,
b,central_and_propagated_uncertainty_summary,,,,,,Ciudad Juarez,22.0,778.9309302337402,266.27743808578634,3785.463418577628,1034.6741228088958,3801.786363268642,6567.291569938547,,,,,,,,,,,,
b,central_and_propagated_uncertainty_summary,,,,,,Ciudad Juarez,23.0,774.6362755825716,252.1993437589741,4037.662762336602,1222.5590884024862,4054.9622663175833,6854.762299065806,,,,,,,,,,,,
b,central_and_propagated_uncertainty_summary,,,,,,Ciudad Juarez,24.0,770.3630942046586,238.86487477891475,4276.527637115517,1400.854253503686,4283.917721861071,7131.1282815241975,,,,,,,,,,,,
b,central_and_propagated_uncertainty_summary,,,,,,Ciudad Juarez,25.0,766.1112787336353,226.2347840389592,4502.762421154476,1559.2218174065667,4495.756055348301,7392.885946794241,,,,,,,,,,,,
b,central_and_propagated_uncertainty_summary,,,,,,Hong Kong,0.0,,,-10000.0,-12140.37977796334,-10004.25236878443,-7984.107233408056,,,,,,,,,,,,
b,central_and_propagated_uncertainty_summary,,,,,,Hong Kong,1.0,1448.425,1379.452380952381,-8620.547619047618,-10833.35610344418,-8618.096822359013,-6608.839659998653,,,,,,,,,,,,
b,central_and_propagated_uncertainty_summary,,,,,,Hong Kong,2.0,1440.557875,1306.6284580498866,-7313.9191609977315,-9536.948995863278,-7301.924898274501,-5181.498887701707,,,,,,,,,,,,
b,central_and_propagated_uncertainty_summary,,,,,,Hong Kong,3.0,1432.730085625,1237.646116510096,-6076.273044487635,-8412.941126286973,-6058.734462297117,-3831.229050095941,,,,,,,,,,,,
b,central_and_propagated_uncertainty_summary,,,,,,Hong Kong,4.0,1424.941435196875,1172.302845169965,-4903.97019931767,-7440.854987271726,-4881.703152477718,-2429.3089619163734,,,,,,,,,,,,
b,central_and_propagated_uncertainty_summary,,,,,,Hong Kong,5.0,1417.1917280208909,1110.406801807019,-3793.563397510651,-6493.553846335635,-3803.882682703141,-1161.4362190136194,,,,,,,,,,,,
b,central_and_propagated_uncertainty_summary,,,,,,Hong Kong,6.0,1409.480769380786,1051.776251375182,-2741.787146135469,-5579.9307993718485,-2763.6458840057485,40.58446356693267,,,,,,,,,,,,
b,central_and_propagated_uncertainty_summary,,,,,,Hong Kong,7.0,1401.808365533882,996.2390338051508,-1745.5481123303182,-4723.856781153812,-1766.6361961490538,1176.2212281263933,,,,,,,,,,,,
b,central_and_propagated_uncertainty_summary,,,,,,Hong Kong,8.0,1394.1743237062128,943.6320598140892,-801.916052516229,-3967.8696626614487,-811.1107063519576,2267.367339580922,,,,,,,,,,,,
b,central_and_propagated_uncertainty_summary,,,,,,Hong Kong,9.0,1386.578452087682,893.8008332511913,91.8847807349623,-3251.3975052518326,98.8902359420872,3350.690778241647,,,,,,,,,,,,
b,central_and_propagated_uncertainty_summary,,,,,,Hong Kong,10.0,1379.0205598272432,846.598998583142,938.4837793181044,-2517.0079166561814,948.4707530831412,4309.205978803558,,,,,,,,,,,,
b,central_and_propagated_uncertainty_summary,,,,,,Hong Kong,11.0,1371.5004570281071,801.8879121969175,1740.3716915150217,-1889.8936714192607,1765.468896948306,5237.125609606631,,,,,,,,,,,,
b,central_and_propagated_uncertainty_summary,,,,,,Hong Kong,12.0,1364.0179547429664,759.5362362669082,2499.90792778193,-1291.3620425080908,2523.595878260488,6205.74026233421,,,,,,,,,,,,
b,central_and_propagated_uncertainty_summary,,,,,,Hong Kong,13.0,1356.5728649692517,719.4195539992503,3219.3274817811803,-713.1274681520274,3245.288058587693,7032.8650982926365,,,,,,,,,,,,
b,central_and_propagated_uncertainty_summary,,,,,,Hong Kong,14.0,1349.1650006444054,681.4200051286673,3900.747486909848,-164.8975405521156,3916.168921944346,7806.561374481769,,,,,,,,,,,,
b,central_and_propagated_uncertainty_summary,,,,,,Hong Kong,15.0,1341.7941756411833,645.4259406022873,4546.173427512135,385.0213909609035,4560.448976923382,8552.55305222271,,,,,,,,,,,,
b,central_and_propagated_uncertainty_summary,,,,,,Hong Kong,16.0,1334.4602047629776,611.331595440923,5157.505022953058,862.3688322725284,5167.513342934675,9314.644714671129,,,,,,,,,,,,
b,central_and_propagated_uncertainty_summary,,,,,,Hong Kong,17.0,1327.1629037391624,579.0367788214033,5736.541801774461,1337.6729083724017,5761.604239765892,10068.608339868471,,,,,,,,,,,,
b,central_and_propagated_uncertainty_summary,,,,,,Hong Kong,18.0,1319.902089220467,548.4465804738472,6284.988382248309,1808.1898929296224,6298.322522435279,10725.762794552877,,,,,,,,,,,,
b,central_and_propagated_uncertainty_summary,,,,,,Hong Kong,19.0,1312.6775787743643,519.4710925354151,6804.459474783724,2266.549268667406,6828.447241743035,11345.906321277918,,,,,,,,,,,,
b,central_and_propagated_uncertainty_summary,,,,,,Hong Kong,20.0,1305.4891908804923,492.0251460472405,7296.484620830965,2674.3857612123334,7314.508043343933,11933.360234118612,,,,,,,,,,,,
b,central_and_propagated_uncertainty_summary,,,,,,Hong Kong,21.0,1298.3367449260902,466.0280613240083,7762.512682154973,3054.9285562265964,7784.343226736427,12490.068608332307,,,,,,,,,,,,
b,central_and_propagated_uncertainty_summary,,,,,,Hong Kong,22.0,1291.2200612014597,441.4034114661787,8203.916093621152,3429.5809000023346,8222.286084777566,13018.66222922947,,,,,,,,,,,,
b,central_and_propagated_uncertainty_summary,,,,,,Hong Kong,23.0,1284.1389608954523,418.0787983232559,8621.994891944409,3762.393786765888,8650.211981258048,13519.46004382476,,,,,,,,,,,,
b,central_and_propagated_uncertainty_summary,,,,,,Hong Kong,24.0,1277.0932660909752,395.985640252873,9017.980532197282,4067.857605213052,9060.559447762142,14000.811934799838,,,,,,,,,,,,
b,central_and_propagated_uncertainty_summary,,,,,,Hong Kong,25.0,1270.0827997605202,375.0589710549351,9393.039503252216,4357.0521532519015,9428.143744348516,14459.071670266563,,,,,,,,,,,,
b,central_and_propagated_uncertainty_summary,,,,,,Shenzhen,0.0,,,-2550.0,-3069.8582072529234,-2537.961294638744,-2021.86236695606,,,,,,,,,,,,
b,central_and_propagated_uncertainty_summary,,,,,,Shenzhen,1.0,610.71,581.6285714285715,-1968.3714285714289,-2531.027189499766,-1950.93122780522,-1426.981955452481,,,,,,,,,,,,
b,central_and_propagated_uncertainty_summary,,,,,,Shenzhen,2.0,607.50645,551.0262585034013,-1417.3451700680273,-1995.3828061072463,-1388.699289558579,-821.389322829574,,,,,,,,,,,,
b,central_and_propagated_uncertainty_summary,,,,,,Shenzhen,3.0,604.3189177500001,522.0334026563006,-895.3117674117267,-1513.7229024789888,-867.9008290211445,-243.7467557986856,,,,,,,,,,,,
b,central_and_propagated_uncertainty_summary,,,,,,Shenzhen,4.0,601.14732316125,494.5653904792756,-400.7463769324512,-1073.0715494973822,-372.9090782355563,292.4462600146165,,,,,,,,,,,,
b,central_and_propagated_uncertainty_summary,,,,,,Shenzhen,5.0,597.9915865454437,468.5420553863431,67.79567845389198,-666.3869085983969,97.54546014372386,840.6978379521009,,,,,,,,,,,,
b,central_and_propagated_uncertainty_summary,,,,,,Shenzhen,6.0,594.8516286127166,443.8874439851821,511.68312243907405,-281.1198665319688,539.6537835258762,1387.5122655228265,,,,,,,,,,,,
b,central_and_propagated_uncertainty_summary,,,,,,Shenzhen,7.0,591.7273704696529,420.529594719772,932.212717158846,65.70712649477046,964.3479398682236,1878.6385900748385,,,,,,,,,,,,
b,central_and_propagated_uncertainty_summary,,,,,,Shenzhen,8.0,588.6187336173047,398.4003281396701,1330.6130452985162,403.0267509477654,1367.9542902649102,2336.5305212638154,,,,,,,,,,,,
b,central_and_propagated_uncertainty_summary,,,,,,Shenzhen,9.0,585.5256399492182,377.4350481853977,1708.0480934839138,726.525071944565,1740.2837359115715,2767.654521951881,,,,,,,,,,,,
b,central_and_propagated_uncertainty_summary,,,,,,Shenzhen,10.0,582.448011749472,357.5725539114647,2065.6206473953785,1023.0970241527532,2095.2484328811624,3188.4077416686064,,,,,,,,,,,,
b,central_and_propagated_uncertainty_summary,,,,,,Shenzhen,11.0,579.3857716907247,338.7548610989298,2404.375508494308,1316.5936173339007,2428.64344401141,3607.082401514924,,,,,,,,,,,,
b,central_and_propagated_uncertainty_summary,,,,,,Shenzhen,12.0,576.338842832271,320.92703323816386,2725.302541732472,1577.5032152287924,2750.911391018198,3999.991974894432,,,,,,,,,,,,
b,central_and_propagated_uncertainty_summary,,,,,,Shenzhen,13.0,573.3071486181097,304.03702138975854,3029.33956312223,1843.844969612873,3056.0282451107487,4371.15852173464,,,,,,,,,,,,
b,central_and_propagated_uncertainty_summary,,,,,,Shenzhen,14.0,570.2906128750192,288.03551245734565,3317.3750755795763,2090.0354120282223,3345.366148276724,4727.42961045055,,,,,,,,,,,,
b,central_and_propagated_uncertainty_summary,,,,,,Shenzhen,15.0,567.289159810644,272.8757854305805,3590.2508610101568,2301.24946078603,3619.150189679191,5057.941710138636,,,,,,,,,,,,
b,central_and_propagated_uncertainty_summary,,,,,,Shenzhen,16.0,564.3027140115909,258.51357517972764,3848.764436189884,2514.024116985977,3874.0601299618666,5372.749029954767,,,,,,,,,,,,
b,central_and_propagated_uncertainty_summary,,,,,,Shenzhen,17.0,561.3312004415328,244.90694340526687,4093.671379595151,2711.734351271055,4124.393377836232,5672.402777172752,,,,,,,,,,,,
b,central_and_propagated_uncertainty_summary,,,,,,Shenzhen,18.0,558.3745444393252,232.01615636676087,4325.687535961912,2893.182921875813,4350.2064588683625,5957.575024886535,,,,,,,,,,,,
b,central_and_propagated_uncertainty_summary,,,,,,Shenzhen,19.0,555.4326717171286,219.80356903494948,4545.491104996861,3065.071291350692,4573.31546717524,6221.007024308396,,,,,,,,,,,,
b,central_and_propagated_uncertainty_summary,,,,,,Shenzhen,20.0,552.5055083585429,208.23351532973544,4753.724620326597,3231.43100468642,4782.122213270193,6463.344921259812,,,,,,,,,,,,
b,central_and_propagated_uncertainty_summary,,,,,,Shenzhen,21.0,549.5929808167502,197.2722041244341,4950.996824451031,3404.1186763556548,4979.085469573554,6692.935725450632,,,,,,,,,,,,
b,central_and_propagated_uncertainty_summary,,,,,,Shenzhen,22.0,546.6950159126665,186.8876207134436,5137.8844451644745,3557.520489446445,5168.073942647817,6910.44967521214,,,,,,,,,,,,
b,central_and_propagated_uncertainty_summary,,,,,,Shenzhen,23.0,543.8115408331031,177.04943345639367,5314.933878620868,3708.891755681007,5349.599190856916,7116.342169890253,,,,,,,,,,,,
b,central_and_propagated_uncertainty_summary,,,,,,Shenzhen,24.0,540.9424831289376,167.72890532689735,5482.662783947766,3852.574077691948,5517.854111345927,7311.401797326919,,,,,,,,,,,,
b,central_and_propagated_uncertainty_summary,,,,,,Shenzhen,25.0,538.0877707132929,158.89881010830518,5641.561594056071,3988.687671186958,5679.200160879366,7498.929448931054,,,,,,,,,,,,
b,central_and_propagated_uncertainty_summary,,,,,,Monaco,0.0,,,-10400.0,-12610.708423866794,-10313.501519565354,-8089.774529771007,,,,,,,,,,,,
b,central_and_propagated_uncertainty_summary,,,,,,Monaco,1.0,1455.725,1386.4047619047617,-9013.59523809524,-11268.684975040467,-8919.09953860164,-6647.835225545616,,,,,,,,,,,,
b,central_and_propagated_uncertainty_summary,,,,,,Monaco,2.0,1447.796375,1313.193990929705,-7700.401247165533,-10001.117859317184,-7614.611210848976,-5256.359091408108,,,,,,,,,,,,
b,central_and_propagated_uncertainty_summary,,,,,,Monaco,3.0,1439.9073931249998,1243.8461445848177,-6456.555102580715,-8823.217077349731,-6365.238491768536,-3881.952991099849,,,,,,,,,,,,
b,central_and_propagated_uncertainty_summary,,,,,,Monaco,4.0,1432.0578561593748,1178.1575423074744,-5278.397560273241,-7779.147840038594,-5179.605306855919,-2564.7519068180145,,,,,,,,,,,,
b,central_and_propagated_uncertainty_summary,,,,,,Monaco,5.0,1424.2475668785778,1115.935236178402,-4162.462324094839,-6792.21819859288,-4059.433739069608,-1281.5259810204343,,,,,,,,,,,,
b,central_and_propagated_uncertainty_summary,,,,,,Monaco,6.0,1416.476329044185,1056.9964457041003,-3105.465878390738,-5830.766756613127,-3020.999577842379,-119.02825937929587,,,,,,,,,,,,
b,central_and_propagated_uncertainty_summary,,,,,,Monaco,7.0,1408.7439473989643,1001.1680223502536,-2104.2978560404845,-4823.007620785431,-2025.034782699735,994.7122572819972,,,,,,,,,,,,
b,central_and_propagated_uncertainty_summary,,,,,,Monaco,8.0,1401.0502276619693,948.285942260874,-1156.0119137796105,-4017.891738132277,-1078.917188326116,2045.7577144935756,,,,,,,,,,,,
b,central_and_propagated_uncertainty_summary,,,,,,Monaco,9.0,1393.3949765236594,898.1948256802389,-257.81708809937163,-3209.6285615137417,-178.04038935109838,3132.8914302681223,,,,,,,,,,,,
b,central_and_propagated_uncertainty_summary,,,,,,Monaco,10.0,1385.778001641041,850.747481672663,592.9303935732913,-2510.8002501746505,678.3153753753959,4201.877718544325,,,,,,,,,,,,
b,central_and_propagated_uncertainty_summary,,,,,,Monaco,11.0,1378.199111632836,805.8044768090458,1398.7348703823372,-1848.9782843854257,1482.4181062326834,5191.8894666459455,,,,,,,,,,,,
b,central_and_propagated_uncertainty_summary,,,,,,Monaco,12.0,1370.6581160746716,763.2337265591375,2161.968596941475,-1207.8170892137348,2232.157672459033,6107.4700799188495,,,,,,,,,,,,
b,central_and_propagated_uncertainty_summary,,,,,,Monaco,13.0,1363.1548254942982,722.910108194787,2884.878705136262,-562.0423915840538,2946.358382122179,6973.3282129458,,,,,,,,,,,,
b,central_and_propagated_uncertainty_summary,,,,,,Monaco,14.0,1355.6890513668268,684.7150940722796,3569.593799208541,41.61949981281938,3636.525113938167,7809.995561759459,,,,,,,,,,,,
b,central_and_propagated_uncertainty_summary,,,,,,Monaco,15.0,1348.2606061099928,648.536404221401,4218.130203429942,579.7601028285355,4274.908271664005,8575.379795986055,,,,,,,,,,,,
b,central_and_propagated_uncertainty_summary,,,,,,Monaco,16.0,1340.8693030794427,614.2676772252713,4832.397880655214,1104.5303132137933,4899.600844230324,9353.61011542272,,,,,,,,,,,,
b,central_and_propagated_uncertainty_summary,,,,,,Monaco,17.0,1333.5149565640454,581.808158428429,5414.206039083643,1563.6863887808545,5481.929254108837,10006.809747402003,,,,,,,,,,,,
b,central_and_propagated_uncertainty_summary,,,,,,Monaco,18.0,1326.1973817812252,551.062404561276,5965.268443644919,2023.4912238330023,6036.396199968058,10666.7589565877,,,,,,,,,,,,
b,central_and_propagated_uncertainty_summary,,,,,,Monaco,19.0,1318.9163948723192,521.9400039169578,6487.208447561877,2450.274336060248,6550.692623517949,11291.736107601626,,,,,,,,,,,,
b,central_and_propagated_uncertainty_summary,,,,,,Monaco,20.0,1311.6718128979574,494.3553112622021,6981.563758824079,2866.7474017006834,7045.2318881289375,11884.22733715601,,,,,,,,,,,,
b,central_and_propagated_uncertainty_summary,,,,,,Monaco,21.0,1304.4634538334678,468.2271967066892,7449.790955530768,3261.689041604629,7522.831623047885,12455.340291125593,,,,,,,,,,,,
b,central_and_propagated_uncertainty_summary,,,,,,Monaco,22.0,1297.2911365643004,443.4788077963229,7893.269763327091,3635.676588304018,7968.616117510258,13003.601661285686,,,,,,,,,,,,
b,central_and_propagated_uncertainty_summary,,,,,,Monaco,23.0,1290.154680881479,420.0373441344143,8313.307107461505,3989.83445972599,8386.854904500266,13522.79071809313,,,,,,,,,,,,
b,central_and_propagated_uncertainty_summary,,,,,,Monaco,24.0,1283.053907477071,397.833843871404,8711.140951332909,4325.837143939638,8776.028896825368,14012.992020719092,,,,,,,,,,,,
b,central_and_propagated_uncertainty_summary,,,,,,Monaco,25.0,1275.9886379396862,376.8029814384413,9087.94393277135,4618.351133217445,9145.784031084888,14477.2915898784,,,,,,,,,,,,
b,central_and_propagated_uncertainty_summary,,,,,,Nice,0.0,,,-8800.0,-10544.360113748358,-8781.563712212237,-7064.5819810673465,,,,,,,,,,,,
b,central_and_propagated_uncertainty_summary,,,,,,Nice,1.0,1357.075,1292.452380952381,-7507.547619047619,-9270.531356507658,-7500.679658847309,-5724.407791412808,,,,,,,,,,,,
b,central_and_propagated_uncertainty_summary,,,,,,Nice,2.0,1349.739625,1224.2536281179136,-6283.293990929706,-8121.767516368088,-6271.869947940744,-4374.517021458282,,,,,,,,,,,,
b,central_and_propagated_uncertainty_summary,,,,,,Nice,3.0,1342.440926875,1159.6509464420687,-5123.643044487637,-7013.4384884105775,-5154.049393697336,-3124.878454153754,,,,,,,,,,,,
b,central_and_propagated_uncertainty_summary,,,,,,Nice,4.0,1335.1787222406251,1098.4548390768248,-4025.188205410812,-5997.204949919275,-4042.682931662347,-1900.7787100970208,,,,,,,,,,,,
b,central_and_propagated_uncertainty_summary,,,,,,Nice,5.0,1327.952828629422,1040.4857890669573,-2984.7024163438546,-5151.309877525383,-2989.501839616468,-745.6961931073943,,,,,,,,,,,,
b,central_and_propagated_uncertainty_summary,,,,,,Nice,6.0,1320.7630644862747,985.573734028633,-1999.1286823152216,-4251.206463440703,-2020.845837778887,388.4393571208624,,,,,,,,,,,,
b,central_and_propagated_uncertainty_summary,,,,,,Nice,7.0,1313.6092491638435,933.5575684669903,-1065.571113848231,-3446.2994034142275,-1097.6418634594877,1512.152969992503,,,,,,,,,,,,
b,central_and_propagated_uncertainty_summary,,,,,,Nice,8.0,1306.491202918024,884.2846722791272,-181.28644156910389,-2747.94695274336,-223.59083508826552,2621.1503236292147,,,,,,,,,,,,
b,central_and_propagated_uncertainty_summary,,,,,,Nice,9.0,1299.408746903434,837.6104640653484,656.3240224962445,-2045.366918255476,625.4432024807929,3678.6920484766856,,,,,,,,,,,,
b,central_and_propagated_uncertainty_summary,,,,,,Nice,10.0,1292.3617031689168,793.3979779439065,1449.722000440151,-1407.4688116733782,1415.3999210856446,4645.842694492394,,,,,,,,,,,,
b,central_and_propagated_uncertainty_summary,,,,,,Nice,11.0,1285.3498946530722,751.5174626330853,2201.2394630732365,-794.4227035699806,2177.620485932339,5532.553790914362,,,,,,,,,,,,
b,central_and_propagated_uncertainty_summary,,,,,,Nice,12.0,1278.373145179807,711.8460016294498,2913.0854647026863,-210.98311533014785,2872.9812704405117,6363.821674068835,,,,,,,,,,,,
b,central_and_propagated_uncertainty_summary,,,,,,Nice,13.0,1271.4312794539078,674.2671533726713,3587.352618075357,340.5053095391331,3557.1978445099826,7179.202472597435,,,,,,,,,,,,
b,central_and_propagated_uncertainty_summary,,,,,,Nice,14.0,1264.5241230566382,638.6706103456694,4226.023228421027,879.2925012315293,4197.580543246131,7939.330464308591,,,,,,,,,,,,
b,central_and_propagated_uncertainty_summary,,,,,,Nice,15.0,1257.6515024413552,604.9518761140891,4830.975104535116,1384.3503349301857,4792.990637534485,8668.693057090779,,,,,,,,,,,,
b,central_and_propagated_uncertainty_summary,,,,,,Nice,16.0,1250.8132449291484,573.011959361494,5403.9870638966095,1921.3760817251311,5367.139959445064,9312.244228538404,,,,,,,,,,,,
b,central_and_propagated_uncertainty_summary,,,,,,Nice,17.0,1244.0091787045026,542.7570840262773,5946.744147922886,2347.292714469109,5892.401725858143,9915.932625345871,,,,,,,,,,,,
b,central_and_propagated_uncertainty_summary,,,,,,Nice,18.0,1237.23913281098,514.0984146932951,6460.842562616182,2746.4694895638863,6407.262999965903,10546.267861035569,,,,,,,,,,,,
b,central_and_propagated_uncertainty_summary,,,,,,Nice,19.0,1230.5029371469252,486.9517964377634,6947.794359053945,3124.4337130288723,6889.323298609552,11147.752888154308,,,,,,,,,,,,
b,central_and_propagated_uncertainty_summary,,,,,,Nice,20.0,1223.8004224611905,461.2375083611575,7409.031867415103,3482.3109609961957,7341.521825369519,11717.430371728517,,,,,,,,,,,,
b,central_and_propagated_uncertainty_summary,,,,,,Nice,21.0,1217.1314203488846,436.8800300988301,7845.911897513934,3829.717531924201,7778.157680362211,12234.959664968675,,,,,,,,,,,,
b,central_and_propagated_uncertainty_summary,,,,,,Nice,22.0,1210.49576324714,413.8078206169365,8259.71971813087,4167.912617347156,8186.444546525014,12705.449177461744,,,,,,,,,,,,
b,central_and_propagated_uncertainty_summary,,,,,,Nice,23.0,1203.8932844309045,391.95310865214685,8651.672826783017,4450.794832674758,8587.541397176094,13151.11476959387,,,,,,,,,,,,
b,central_and_propagated_uncertainty_summary,,,,,,Nice,24.0,1197.32381800875,371.251694181617,9022.924520964634,4742.34567985188,8962.475774155238,13581.327080468354,,,,,,,,,,,,
b,central_and_propagated_uncertainty_summary,,,,,,Nice,25.0,1190.787198918706,351.642760342908,9374.567281307542,5060.140990015279,9315.326511168849,14035.480555086257,,,,,,,,,,,,
c,propagated_median_and_percentile_summary,Vienna,,,,0.0,,,,,,,,,0.22656340982373827,0.269726448174474,0.316714327718189,0.10476545386726364,0.13411515539326813,0.16785432584204818,0.23714119178419074,0.2927072098729469,0.3501296690852925,0.15087139964255789,0.2153095666891703,0.27840126435980034
c,propagated_median_and_percentile_summary,Bratislava,,,,1.0,,,,,,,,,0.1591678197400249,0.1883347002256787,0.21775016156759408,0.1009185749815469,0.127589928051068,0.16006837879718658,0.15800221755323454,0.19508138480559933,0.23127159566067534,0.12070887313098352,0.17357036509564028,0.22292667280424308
c,propagated_median_and_percentile_summary,Singapore,,,,2.0,,,,,,,,,0.1940966000696286,0.23466258964194053,0.27231116076231665,0.050501744661719646,0.0637415859522878,0.08075624141663838,0.1916471897396642,0.2412681956292536,0.2841119985887802,0.1512610706971516,0.21556063029612926,0.2796873162208439
c,propagated_median_and_percentile_summary,Johor Bahru,,,,3.0,,,,,,,,,0.09215410806738082,0.11036588905246517,0.1286328668384049,0.039305222153810784,0.050439947367172874,0.06335261255644979,0.10321770012857892,0.12829274034510754,0.1514331467393207,0.051217865742046474,0.0699264304003948,0.09011050552085927
c,propagated_median_and_percentile_summary,San Diego,,,,4.0,,,,,,,,,0.16348229300116168,0.20528634923689462,0.25456729334119294,0.08721311685779203,0.11005127094845558,0.13563144424722112,0.23044085124270355,0.2821709175661542,0.3354535960617549,0.021259897627453256,0.030094742400203316,0.03929715069728221
c,propagated_median_and_percentile_summary,Tijuana,,,,5.0,,,,,,,,,0.08087072535585631,0.09771697802715204,0.11516888131555612,0.059015588673110776,0.0747220639117151,0.09247219215399773,0.07101338836382076,0.08848611459640471,0.10634429498203768,0.08196070648404585,0.11934687982607387,0.1531332440359155
c,propagated_median_and_percentile_summary,El Paso,,,,6.0,,,,,,,,,0.06701337109916866,0.0839592929418812,0.10258062864745897,0.07219433606764425,0.09290351373834715,0.11903754861334519,0.0893984733949795,0.11201012895662882,0.13313830765950382,0.01444326640042966,0.01991334831379306,0.0256399245957527
c,propagated_median_and_percentile_summary,Ciudad Juarez,,,,7.0,,,,,,,,,0.0905793019155402,0.10894371947383508,0.126213217649735,0.05465946904625224,0.07031097998266077,0.08723685175534532,0.08506787730023065,0.10488359543415132,0.12345075170991848,0.0819690281858224,0.11832430848659264,0.15218422839168055
c,propagated_median_and_percentile_summary,Hong Kong,,,,8.0,,,,,,,,,0.19274756471692675,0.2342514486834604,0.27970047160997363,0.101737096059739,0.12980320456968414,0.16232936220121516,0.14726904388584408,0.18357085793639555,0.2203052965318253,0.25072847265079945,0.35284961142885196,0.46270204427411715
c,propagated_median_and_percentile_summary,Shenzhen,,,,9.0,,,,,,,,,0.07959755803170802,0.0950005158039696,0.11153873666478753,0.025081234333821523,0.032473114096479114,0.04027684154883159,0.08478841746074539,0.10600947541407699,0.12698630426697996,0.05099066462990652,0.06939603772234915,0.08969400840643046
c,propagated_median_and_percentile_summary,Monaco,,,,10.0,,,,,,,,,0.178152556002569,0.21202841496520505,0.2445048129211435,0.09399788005468736,0.12007934044891352,0.1509976650974128,0.18511809979833832,0.22834501478408376,0.2708685879096636,0.12466628769876507,0.17221332316887483,0.22198601954711888
c,propagated_median_and_percentile_summary,Nice,,,,11.0,,,,,,,,,0.16377636769024564,0.1947396590923336,0.22827659909229905,0.08079289354229037,0.10219813316928303,0.1282125179178319,0.16576188180616652,0.20427790492857323,0.24603263368954634,0.11899565135195898,0.1716874183349883,0.22110080315391836
