scenario,segment,adjustment_basis,san_diego_scale_factor,san_diego_adjusted_capacity_mw,san_diego_adjusted_pv_positive_buildings,san_diego_mapped_external_capacity_ratio_after_adjustment,san_diego_adjusted_pv_utilization_pct,tijuana_pv_utilization_pct,gap_san_diego_minus_tijuana_pct_points,pairwise_leadership_after_adjustment,abs_gap_rank_among_six_pairs_for_segment,interpretation
Baseline mapped,All buildings,No one-sided calibration adjustment,1.0,666.6140988682698,76895.0,0.6932211505066412,2.629292054041724,0.5959099426448207,2.0333821113969033,San Diego,2,Published mapped PV estimate; San Diego already leads Tijuana.
Baseline mapped,Residential,No one-sided calibration adjustment,1.0,666.6140988682698,76895.0,0.6932211505066412,2.6900933888047587,0.1513669323750612,2.5387264564296976,San Diego,2,Published mapped PV estimate; San Diego already leads Tijuana.
Baseline mapped,Non-residential,No one-sided calibration adjustment,1.0,666.6140988682698,76895.0,0.6932211505066412,2.598123832272116,1.3016598302259268,1.296464002046189,San Diego,3,Published mapped PV estimate; San Diego already leads Tijuana.
Capacity-calibrated,All buildings,Scale San Diego PV area by external/mapped capacity,1.4425410985645046,961.6182345000212,110924.19777411758,1.0,3.7928618480842715,0.5959099426448207,3.196951905439451,San Diego,2,One-sided capacity correction increases the San Diego lead.
Capacity-calibrated,Residential,Scale San Diego PV area by external/mapped capacity,1.4425410985645046,961.6182345000212,110924.19777411758,1.0,3.8805702723275277,0.1513669323750612,3.7292033399524667,San Diego,2,One-sided capacity correction increases the San Diego lead.
Capacity-calibrated,Non-residential,Scale San Diego PV area by external/mapped capacity,1.4425410985645046,961.6182345000212,110924.19777411758,1.0,3.747900407212439,1.3016598302259268,2.4462405769865123,San Diego,3,One-sided capacity correction increases the San Diego lead.
Project-count stress test,All buildings,Scale San Diego PV area by external/mapped project count,1.6775733142597047,1118.2940231706898,128997.0,1.1629293029703518,4.410830185255481,0.5959099426448207,3.8149202426106603,San Diego,2,Upper stress test treats the count shortfall as an area shortfall.
Project-count stress test,Residential,Scale San Diego PV area by external/mapped project count,1.6775733142597047,1118.2940231706898,128997.0,1.1629293029703518,4.512828881925319,0.1513669323750612,4.361461949550258,San Diego,1,Upper stress test treats the count shortfall as an area shortfall.
Project-count stress test,Non-residential,Scale San Diego PV area by external/mapped project count,1.6775733142597047,1118.2940231706898,128997.0,1.1629293029703518,4.3585432081618585,1.3016598302259268,3.0568833779359315,San Diego,2,Upper stress test treats the count shortfall as an area shortfall.
